Store,Dept,Date,Weekly_Sales,MarkDown1,MarkDown2,MarkDown3,MarkDown4,MarkDown5,IsHoliday,Weekly_Sales.predicted,Weekly_Sales.predicted.lower,Weekly_Sales.predicted.upper
4,4,2010/2/5,59554.57,-1.0,-1.0,-1.0,-1.0,-1.0,0,58168.97,54439.286494204236,62354.49326491034
4,4,2010/2/12,54069.82,-1.0,-1.0,-1.0,-1.0,-1.0,1,54154.543,50424.860712954236,58340.06748366034
4,4,2010/2/19,53939.17,-1.0,-1.0,-1.0,-1.0,-1.0,0,53931.07,50201.388056704236,58116.59482741034
4,4,2010/2/26,54687.08,-1.0,-1.0,-1.0,-1.0,-1.0,0,54187.36,50457.677119204236,58372.88388991034
4,4,2010/3/5,56959.02,-1.0,-1.0,-1.0,-1.0,-1.0,0,56968.31,53238.626337954236,61153.83310866034
4,4,2010/3/12,52142.35,-1.0,-1.0,-1.0,-1.0,-1.0,0,52304.28,48574.598994204236,56489.80576491034
4,4,2010/3/19,51535.33,-1.0,-1.0,-1.0,-1.0,-1.0,0,51580.54,47850.856806704236,55766.06357741034
4,4,2010/3/26,47886.96,-1.0,-1.0,-1.0,-1.0,-1.0,0,48699.883,44970.200556704236,52885.40732741034
4,4,2010/4/2,56959.52,-1.0,-1.0,-1.0,-1.0,-1.0,0,55934.883,52205.200556704236,60120.40732741034
4,4,2010/4/9,49746.01,-1.0,-1.0,-1.0,-1.0,-1.0,0,52210.754,48481.071650454236,56396.27842116034
4,4,2010/4/16,53694.53,-1.0,-1.0,-1.0,-1.0,-1.0,0,54040.875,50311.192744204236,58226.39951491034
4,4,2010/4/23,51630.47,-1.0,-1.0,-1.0,-1.0,-1.0,0,53286.066,49556.384150454236,57471.59092116034
4,4,2010/4/30,52820.8,-1.0,-1.0,-1.0,-1.0,-1.0,0,52829.902,49100.220087954236,57015.42685866034
4,4,2010/5/7,54037.74,-1.0,-1.0,-1.0,-1.0,-1.0,0,55156.63,51426.946650454236,59342.15342116034
4,4,2010/5/14,48542.31,-1.0,-1.0,-1.0,-1.0,-1.0,0,51529.133,47799.450556704236,55714.65732741034
4,4,2010/5/21,54926.4,-1.0,-1.0,-1.0,-1.0,-1.0,0,54683.473,50953.790400454236,58868.99717116034
4,4,2010/5/28,50608.77,-1.0,-1.0,-1.0,-1.0,-1.0,0,51949.785,48220.102900454236,56135.30967116034
4,4,2010/6/4,55355.78,-1.0,-1.0,-1.0,-1.0,-1.0,0,55727.496,51997.813837954236,59913.02060866034
4,4,2010/6/11,49069.9,-1.0,-1.0,-1.0,-1.0,-1.0,0,50440.87,46711.188837954236,54626.39560866034
4,4,2010/6/18,49646.84,-1.0,-1.0,-1.0,-1.0,-1.0,0,52352.35,48622.669306704236,56537.87607741034
4,4,2010/6/25,48668.13,-1.0,-1.0,-1.0,-1.0,-1.0,0,50236.644,46506.962275454236,54422.16904616034
4,4,2010/7/2,56869.52,-1.0,-1.0,-1.0,-1.0,-1.0,0,56824.727,53095.044306704236,61010.25107741034
4,4,2010/7/9,54750.48,-1.0,-1.0,-1.0,-1.0,-1.0,0,52477.258,48747.575556704236,56662.78232741034
4,4,2010/7/16,53436.74,-1.0,-1.0,-1.0,-1.0,-1.0,0,53386.504,49656.821650454236,57572.02842116034
4,4,2010/7/23,50912.21,-1.0,-1.0,-1.0,-1.0,-1.0,0,51972.57,48242.888056704236,56158.09482741034
4,4,2010/7/30,52243.98,-1.0,-1.0,-1.0,-1.0,-1.0,0,52840.504,49110.821650454236,57026.02842116034
4,4,2010/8/6,56299.32,-1.0,-1.0,-1.0,-1.0,-1.0,0,56819.79,53090.106806704236,61005.31357741034
4,4,2010/8/13,56967.92,-1.0,-1.0,-1.0,-1.0,-1.0,0,54829.05,51099.368525454236,59014.57529616034
4,4,2010/8/20,57022.55,-1.0,-1.0,-1.0,-1.0,-1.0,0,56754.426,53024.743525454236,60939.95029616034
4,4,2010/8/27,52712.01,-1.0,-1.0,-1.0,-1.0,-1.0,0,53483.687,49754.005244204236,57669.21201491034
4,4,2010/9/3,59177.53,-1.0,-1.0,-1.0,-1.0,-1.0,0,58517.29,54787.606806704236,62702.81357741034
4,4,2010/9/10,54140.32,-1.0,-1.0,-1.0,-1.0,-1.0,1,55239.418,51509.735712954236,59424.94248366034
4,4,2010/9/17,54102.43,-1.0,-1.0,-1.0,-1.0,-1.0,0,54625.637,50895.954462954236,58811.16123366034
4,4,2010/9/24,52942.57,-1.0,-1.0,-1.0,-1.0,-1.0,0,53430.355,49700.673212954236,57615.87998366034
4,4,2010/10/1,54800.74,-1.0,-1.0,-1.0,-1.0,-1.0,0,55828.527,52098.845087954236,60014.05185866034
4,4,2010/10/8,53891.67,-1.0,-1.0,-1.0,-1.0,-1.0,0,55710.508,51980.825556704236,59896.03232741034
4,4,2010/10/15,50525.31,-1.0,-1.0,-1.0,-1.0,-1.0,0,54344.64,50614.958369204236,58530.16513991034
4,4,2010/10/22,54253.23,-1.0,-1.0,-1.0,-1.0,-1.0,0,54717.316,50987.634150454236,58902.84092116034
4,4,2010/10/29,51854.74,-1.0,-1.0,-1.0,-1.0,-1.0,0,54049.84,50320.157587954236,58235.36435866034
4,4,2010/11/5,56510.88,-1.0,-1.0,-1.0,-1.0,-1.0,0,57755.902,54026.220087954236,61941.42685866034
4,4,2010/11/12,53983.21,-1.0,-1.0,-1.0,-1.0,-1.0,0,54881.54,51151.856806704236,59067.06357741034
4,4,2010/11/19,60787.72,-1.0,-1.0,-1.0,-1.0,-1.0,0,60691.52,56961.837275454236,64877.04404616034
4,4,2010/11/26,67374.29,-1.0,-1.0,-1.0,-1.0,-1.0,1,62569.957,58840.274775454236,66755.48154616034
4,4,2010/12/3,54740.6,-1.0,-1.0,-1.0,-1.0,-1.0,0,55347.715,51618.032587954236,59533.23935866034
4,4,2010/12/10,55596.4,-1.0,-1.0,-1.0,-1.0,-1.0,0,55752.004,52022.321650454236,59937.52842116034
4,4,2010/12/17,59042.38,-1.0,-1.0,-1.0,-1.0,-1.0,0,60054.527,56324.845087954236,64240.05185866034
4,4,2010/12/24,68696.66,-1.0,-1.0,-1.0,-1.0,-1.0,0,69821.93,66092.24743170424,74007.45420241034
4,4,2010/12/31,53679.23,-1.0,-1.0,-1.0,-1.0,-1.0,1,53870.223,50140.540400454236,58055.74717116034
4,4,2011/1/7,56671.32,-1.0,-1.0,-1.0,-1.0,-1.0,0,57540.58,53810.895869204236,61726.10263991034
4,4,2011/1/14,54969.55,-1.0,-1.0,-1.0,-1.0,-1.0,0,54826.742,51097.059931704236,59012.26670241034
4,4,2011/1/21,55157.31,-1.0,-1.0,-1.0,-1.0,-1.0,0,54769.535,51039.852900454236,58955.05967116034
4,4,2011/1/28,51712.45,-1.0,-1.0,-1.0,-1.0,-1.0,0,52376.4,48646.716181704236,56561.92295241034
4,4,2011/2/4,56454.32,-1.0,-1.0,-1.0,-1.0,-1.0,0,57677.824,53948.141962954236,61863.34873366034
4,4,2011/2/11,55747.3,-1.0,-1.0,-1.0,-1.0,-1.0,1,56804.69,53075.009150454236,60990.21592116034
4,4,2011/2/18,55175.48,-1.0,-1.0,-1.0,-1.0,-1.0,0,57206.98,53477.298212954236,61392.50498366034
4,4,2011/2/25,54743.92,-1.0,-1.0,-1.0,-1.0,-1.0,0,56287.89,52558.208369204236,60473.41513991034
4,4,2011/3/4,57093.74,-1.0,-1.0,-1.0,-1.0,-1.0,0,58856.504,55126.821650454236,63042.02842116034
4,4,2011/3/11,53029.03,-1.0,-1.0,-1.0,-1.0,-1.0,0,55121.547,51391.864619204236,59307.07138991034
4,4,2011/3/18,53451.38,-1.0,-1.0,-1.0,-1.0,-1.0,0,54871.75,51142.067744204236,59057.27451491034
4,4,2011/3/25,51338.37,-1.0,-1.0,-1.0,-1.0,-1.0,0,53410.57,49680.888056704236,57596.09482741034
4,4,2011/4/1,51382.98,-1.0,-1.0,-1.0,-1.0,-1.0,0,55788.043,52058.360712954236,59973.56748366034
4,4,2011/4/8,54500.33,-1.0,-1.0,-1.0,-1.0,-1.0,0,54785.137,51055.454462954236,58970.66123366034
4,4,2011/4/15,51184.02,-1.0,-1.0,-1.0,-1.0,-1.0,0,52789.24,49059.556025454236,56974.76279616034
4,4,2011/4/22,55018.98,-1.0,-1.0,-1.0,-1.0,-1.0,0,55003.656,51273.973994204236,59189.18076491034
4,4,2011/4/29,50045.96,-1.0,-1.0,-1.0,-1.0,-1.0,0,51407.22,47677.536494204236,55592.74326491034
4,4,2011/5/6,59039.42,-1.0,-1.0,-1.0,-1.0,-1.0,0,59016.613,55286.931025454236,63202.13779616034
4,4,2011/5/13,51468.7,-1.0,-1.0,-1.0,-1.0,-1.0,0,52839.367,49109.684931704236,57024.89170241034
4,4,2011/5/20,58171.41,-1.0,-1.0,-1.0,-1.0,-1.0,0,58108.664,54378.981806704236,62294.18857741034
4,4,2011/5/27,52931.36,-1.0,-1.0,-1.0,-1.0,-1.0,0,53515.47,49785.786494204236,57700.99326491034
4,4,2011/6/3,57563.3,-1.0,-1.0,-1.0,-1.0,-1.0,0,58128.965,54399.282587954236,62314.48935866034
4,4,2011/6/10,54395.37,-1.0,-1.0,-1.0,-1.0,-1.0,0,54857.523,51127.841181704236,59043.04795241034
4,4,2011/6/17,54818.18,-1.0,-1.0,-1.0,-1.0,-1.0,0,54868.816,51139.134150454236,59054.34092116034
4,4,2011/6/24,52377.67,-1.0,-1.0,-1.0,-1.0,-1.0,0,53714.74,49985.056025454236,57900.26279616034
4,4,2011/7/1,57906.09,-1.0,-1.0,-1.0,-1.0,-1.0,0,57884.38,54154.696650454236,62069.90342116034
4,4,2011/7/8,54777.21,-1.0,-1.0,-1.0,-1.0,-1.0,0,55877.64,52147.958369204236,60063.16513991034
4,4,2011/7/15,53134.96,-1.0,-1.0,-1.0,-1.0,-1.0,0,53849.7,50120.016962954236,58035.22373366034
4,4,2011/7/22,54790.01,-1.0,-1.0,-1.0,-1.0,-1.0,0,55221.836,51492.153681704236,59407.36045241034
4,4,2011/7/29,53113.87,-1.0,-1.0,-1.0,-1.0,-1.0,0,52963.67,49233.989619204236,57149.19638991034
4,4,2011/8/5,61683.39,-1.0,-1.0,-1.0,-1.0,-1.0,0,61770.676,58040.993525454236,65956.20029616034
4,4,2011/8/12,56617.69,-1.0,-1.0,-1.0,-1.0,-1.0,0,57263.977,53534.294306704236,61449.50107741034
4,4,2011/8/19,63239.08,-1.0,-1.0,-1.0,-1.0,-1.0,0,62443.426,58713.743525454236,66628.95029616034
4,4,2011/8/26,55027.47,-1.0,-1.0,-1.0,-1.0,-1.0,0,55551.9,51822.216181704236,59737.42295241034
4,4,2011/9/2,58127.38,-1.0,-1.0,-1.0,-1.0,-1.0,0,59691.055,55961.372431704236,63876.57920241034
4,4,2011/9/9,57708.24,-1.0,-1.0,-1.0,-1.0,-1.0,1,58526.3,54796.618525454236,62711.82529616034
4,4,2011/9/16,57221.26,-1.0,-1.0,-1.0,-1.0,-1.0,0,57069.266,53339.583369204236,61254.79013991034
4,4,2011/9/23,56423.47,-1.0,-1.0,-1.0,-1.0,-1.0,0,56865.273,53135.591181704236,61050.79795241034
4,4,2011/9/30,53790.29,-1.0,-1.0,-1.0,-1.0,-1.0,0,55072.99,51343.306025454236,59258.51279616034
4,4,2011/10/7,61589.77,-1.0,-1.0,-1.0,-1.0,-1.0,0,61631.215,57901.532587954236,65816.73935866034
4,4,2011/10/14,56211.57,-1.0,-1.0,-1.0,-1.0,-1.0,0,55233.234,51503.552119204236,59418.75888991034
4,4,2011/10/21,57379.59,-1.0,-1.0,-1.0,-1.0,-1.0,0,58540.22,54810.536494204236,62725.74326491034
4,4,2011/10/28,55849.32,-1.0,-1.0,-1.0,-1.0,-1.0,0,55993.36,52263.677119204236,60178.88388991034
4,4,2011/11/4,62987.23,-1.0,-1.0,-1.0,-1.0,-1.0,0,62845.38,59115.696650454236,67030.90342116034
4,4,2011/11/11,60106.04,12851.52,16658.47,430.13,5630.01,9213.39,0,60193.965,56464.282587954236,64379.48935866034
4,4,2011/11/18,62697.49,4539.94,840.56,372.9,613.96,5358.13,0,63227.867,59498.184931704236,67413.39170241034
4,4,2011/11/25,72179.92,561.45,137.88,83340.33,44.04,9239.23,1,70354.04,66624.35680670424,74539.56357741034
4,4,2011/12/2,55582.51,9762.39,160.94,2260.29,4767.86,28604.2,0,56695.855,52966.173212954236,60881.37998366034
4,4,2011/12/9,57074.29,5857.72,30.0,984.98,4692.5,13503.99,0,58799.555,55069.872431704236,62985.07920241034
4,4,2011/12/16,58822.75,2756.67,72.3,1790.15,777.65,10261.95,0,60702.187,56972.505244204236,64887.71201491034
4,4,2011/12/23,72048.55,2461.94,69.05,2938.24,52.0,4396.76,0,72050.195,68320.51305670424,76235.71982741034
4,4,2011/12/30,56145.68,3496.13,72413.71,399.77,776.26,5012.53,1,56277.176,52547.493525454236,60462.70029616034
4,4,2012/1/6,63913.83,7857.71,38677.72,234.0,863.22,8682.95,0,64188.76,60459.079462954236,68374.28623366034
4,4,2012/1/13,57283.05,3666.28,14553.37,76.37,820.37,5955.28,0,57886.05,54156.368525454236,62071.57529616034
4,4,2012/1/20,56040.88,2109.41,7040.02,44.16,918.36,1116.83,0,57501.074,53771.391962954236,61686.59873366034
4,4,2012/1/27,57041.93,1346.06,3740.12,46.16,445.47,2451.89,0,56051.875,52322.192744204236,60237.39951491034
4,4,2012/2/3,60366.8,50820.76,4033.29,285.11,48086.64,7456.15,0,61275.707,57546.024775454236,65461.23154616034
4,4,2012/2/10,60459.16,11374.63,7208.51,118.37,12869.78,10618.93,1,60731.98,57002.298212954236,64917.50498366034
4,4,2012/2/17,60409.08,14225.99,11049.65,17.36,11912.49,7565.99,0,59963.19,56233.509150454236,64148.71592116034
4,4,2012/2/24,60971.46,9777.71,4703.88,5.4,1179.72,9352.14,0,60974.746,57245.063837954236,65160.27060866034
4,4,2012/3/2,61829.76,18564.88,1394.86,32.93,10714.6,3592.82,0,62571.633,58841.950556704236,66757.15732741034
4,4,2012/3/9,59014.98,8779.57,602.02,8.53,1103.64,9464.98,0,59271.38,55541.696650454236,63456.90342116034
4,4,2012/3/16,58109.29,5669.21,37.12,-1.0,8540.87,2544.94,0,58248.96,54519.278681704236,62434.48545241034
4,4,2012/3/23,53921.9,8806.8,-10.5,5.99,739.14,4396.97,0,54922.484,51192.802119204236,59108.00888991034
4,4,2012/3/30,55633.17,2565.8,442.52,6.5,487.66,4076.68,0,55215.875,51486.192744204236,59401.39951491034
4,4,2012/4/6,64551.09,11341.17,-1.0,73.38,5677.89,7821.95,0,64262.004,60532.321650454236,68447.52842116034
4,4,2012/4/13,55376.94,12506.74,5941.43,30.84,3915.29,4392.95,0,56247.77,52518.087275454236,60433.29404616034
4,4,2012/4/20,60090.83,2774.39,4279.41,43.43,2409.97,4544.22,0,60324.16,56594.477900454236,64509.68467116034
4,4,2012/4/27,57200.35,3993.66,97.77,26.68,113.37,3947.45,0,56668.03,52938.348994204236,60853.55576491034
8,13,2010/2/5,28075.31,-1.0,-1.0,-1.0,-1.0,-1.0,0,28448.12,27010.21718019003,30367.070537908927
8,13,2010/2/12,24796.02,-1.0,-1.0,-1.0,-1.0,-1.0,1,25577.65,24139.74843019003,27496.601787908927
8,13,2010/2/19,26096.85,-1.0,-1.0,-1.0,-1.0,-1.0,0,26074.91,24637.00819581503,27993.861553533927
8,13,2010/2/26,26008.25,-1.0,-1.0,-1.0,-1.0,-1.0,0,25775.178,24337.27577394003,27694.129131658927
8,13,2010/3/5,25287.83,-1.0,-1.0,-1.0,-1.0,-1.0,0,25437.002,23999.09999269003,27355.953350408927
8,13,2010/3/12,24418.38,-1.0,-1.0,-1.0,-1.0,-1.0,0,24126.492,22688.59022706503,26045.443584783927
8,13,2010/3/19,24938.74,-1.0,-1.0,-1.0,-1.0,-1.0,0,24420.445,22982.54335206503,26339.396709783927
8,13,2010/3/26,21807.92,-1.0,-1.0,-1.0,-1.0,-1.0,0,22212.404,20774.50233644003,24131.355694158927
8,13,2010/4/2,25424.72,-1.0,-1.0,-1.0,-1.0,-1.0,0,25256.54,23818.63710206503,27175.490459783927
8,13,2010/4/9,24755.59,-1.0,-1.0,-1.0,-1.0,-1.0,0,24304.863,22866.96132081503,26223.814678533927
8,13,2010/4/16,27532.16,-1.0,-1.0,-1.0,-1.0,-1.0,0,25685.555,24247.65272706503,27604.506084783927
8,13,2010/4/23,25460.28,-1.0,-1.0,-1.0,-1.0,-1.0,0,24917.715,23479.81288331503,26836.666241033927
8,13,2010/4/30,24868.48,-1.0,-1.0,-1.0,-1.0,-1.0,0,24602.535,23164.63319581503,26521.486553533927
8,13,2010/5/7,25136.39,-1.0,-1.0,-1.0,-1.0,-1.0,0,25033.79,23595.88710206503,26952.740459783927
8,13,2010/5/14,22342.74,-1.0,-1.0,-1.0,-1.0,-1.0,0,22430.344,20992.44178956503,24349.295147283927
8,13,2010/5/21,24681.43,-1.0,-1.0,-1.0,-1.0,-1.0,0,24556.3,23118.39882081503,26475.252178533927
8,13,2010/5/28,25022.97,-1.0,-1.0,-1.0,-1.0,-1.0,0,24376.541,22938.63905519003,26295.492412908927
8,13,2010/6/4,27346.5,-1.0,-1.0,-1.0,-1.0,-1.0,0,25269.307,23831.40468019003,27188.258037908927
8,13,2010/6/11,24658.16,-1.0,-1.0,-1.0,-1.0,-1.0,0,23760.498,22322.59608644003,25679.449444158927
8,13,2010/6/18,24240.93,-1.0,-1.0,-1.0,-1.0,-1.0,0,24032.33,22594.42811769003,25951.281475408927
8,13,2010/6/25,22807.43,-1.0,-1.0,-1.0,-1.0,-1.0,0,23690.408,22252.50624269003,25609.359600408927
8,13,2010/7/2,24645.07,-1.0,-1.0,-1.0,-1.0,-1.0,0,25654.418,24216.51600831503,27573.369366033927
8,13,2010/7/9,26593.86,-1.0,-1.0,-1.0,-1.0,-1.0,0,24934.088,23496.18593019003,26853.039287908927
8,13,2010/7/16,25551.32,-1.0,-1.0,-1.0,-1.0,-1.0,0,24843.463,23405.56093019003,26762.414287908927
8,13,2010/7/23,23975.34,-1.0,-1.0,-1.0,-1.0,-1.0,0,24107.793,22669.89100831503,26026.744366033927
8,13,2010/7/30,25225.56,-1.0,-1.0,-1.0,-1.0,-1.0,0,23580.723,22142.82069581503,25499.674053533927
8,13,2010/8/6,26253.01,-1.0,-1.0,-1.0,-1.0,-1.0,0,26254.607,24816.70546144003,28173.558819158927
8,13,2010/8/13,25970.86,-1.0,-1.0,-1.0,-1.0,-1.0,0,25013.228,23575.32655519003,26932.179912908927
8,13,2010/8/20,25765.33,-1.0,-1.0,-1.0,-1.0,-1.0,0,25760.3,24322.39882081503,27679.252178533927
8,13,2010/8/27,27195.08,-1.0,-1.0,-1.0,-1.0,-1.0,0,25353.842,23915.93983644003,27272.793194158927
8,13,2010/9/3,27843.55,-1.0,-1.0,-1.0,-1.0,-1.0,0,27684.96,26247.05897706503,29603.912334783927
8,13,2010/9/10,26011.94,-1.0,-1.0,-1.0,-1.0,-1.0,1,25963.5,24525.59803956503,27882.451397283927
8,13,2010/9/17,25020.86,-1.0,-1.0,-1.0,-1.0,-1.0,0,25110.094,23672.19178956503,27029.045147283927
8,13,2010/9/24,24692.78,-1.0,-1.0,-1.0,-1.0,-1.0,0,24395.785,22957.88319581503,26314.736553533927
8,13,2010/10/1,26683.29,-1.0,-1.0,-1.0,-1.0,-1.0,0,26091.615,24653.71327394003,28010.566631658927
8,13,2010/10/8,27711.88,-1.0,-1.0,-1.0,-1.0,-1.0,0,26211.719,24773.81678956503,28130.670147283927
8,13,2010/10/15,25246.96,-1.0,-1.0,-1.0,-1.0,-1.0,0,24521.66,23083.75819581503,26440.611553533927
8,13,2010/10/22,26865.95,-1.0,-1.0,-1.0,-1.0,-1.0,0,24154.885,22716.98280519003,26073.836162908927
8,13,2010/10/29,25564.47,-1.0,-1.0,-1.0,-1.0,-1.0,0,24390.941,22953.03944581503,26309.892803533927
8,13,2010/11/5,28470.41,-1.0,-1.0,-1.0,-1.0,-1.0,0,26435.066,24997.16444581503,28354.017803533927
8,13,2010/11/12,25281.75,-1.0,-1.0,-1.0,-1.0,-1.0,0,24814.85,23376.94764894003,26733.801006658927
8,13,2010/11/19,23922.99,-1.0,-1.0,-1.0,-1.0,-1.0,0,24929.0,23491.09803956503,26847.951397283927
8,13,2010/11/26,26052.64,-1.0,-1.0,-1.0,-1.0,-1.0,1,24778.266,23340.36366456503,26697.217022283927
8,13,2010/12/3,24083.01,-1.0,-1.0,-1.0,-1.0,-1.0,0,24252.254,22814.35194581503,26171.205303533927
8,13,2010/12/10,24660.46,-1.0,-1.0,-1.0,-1.0,-1.0,0,23538.674,22100.77186769003,25457.625225408927
8,13,2010/12/17,23892.03,-1.0,-1.0,-1.0,-1.0,-1.0,0,23157.58,21719.67811769003,25076.531475408927
8,13,2010/12/24,24128.98,-1.0,-1.0,-1.0,-1.0,-1.0,0,23601.154,22163.25233644003,25520.105694158927
8,13,2010/12/31,22785.05,-1.0,-1.0,-1.0,-1.0,-1.0,1,22135.508,20697.60585206503,24054.459209783927
8,13,2011/1/7,27449.02,-1.0,-1.0,-1.0,-1.0,-1.0,0,26210.703,24772.80116456503,28129.654522283927
8,13,2011/1/14,24289.0,-1.0,-1.0,-1.0,-1.0,-1.0,0,23810.486,22372.58436769003,25729.437725408927
8,13,2011/1/21,25904.25,-1.0,-1.0,-1.0,-1.0,-1.0,0,25143.234,23705.33241456503,27062.185772283927
8,13,2011/1/28,23584.34,-1.0,-1.0,-1.0,-1.0,-1.0,0,23465.984,22028.08241456503,25384.935772283927
8,13,2011/2/4,24577.06,-1.0,-1.0,-1.0,-1.0,-1.0,0,25128.28,23690.37733644003,27047.230694158927
8,13,2011/2/11,24772.37,-1.0,-1.0,-1.0,-1.0,-1.0,1,24151.87,22713.96718019003,26070.820537908927
8,13,2011/2/18,27915.88,-1.0,-1.0,-1.0,-1.0,-1.0,0,25918.281,24480.37928956503,27837.232647283927
8,13,2011/2/25,28158.19,-1.0,-1.0,-1.0,-1.0,-1.0,0,25489.67,24051.76796144003,27408.621319158927
8,13,2011/3/4,28053.73,-1.0,-1.0,-1.0,-1.0,-1.0,0,27116.32,25678.41835206503,29035.271709783927
8,13,2011/3/11,26416.72,-1.0,-1.0,-1.0,-1.0,-1.0,0,25415.451,23977.54921144003,27334.402569158927
8,13,2011/3/18,25385.04,-1.0,-1.0,-1.0,-1.0,-1.0,0,25411.475,23973.57264894003,27330.426006658927
8,13,2011/3/25,23383.4,-1.0,-1.0,-1.0,-1.0,-1.0,0,23385.84,21947.93788331503,25304.791241033927
8,13,2011/4/1,24494.91,-1.0,-1.0,-1.0,-1.0,-1.0,0,23418.371,21980.46913331503,25337.322491033927
8,13,2011/4/8,26225.16,-1.0,-1.0,-1.0,-1.0,-1.0,0,24815.574,23377.67225831503,26734.525616033927
8,13,2011/4/15,24775.38,-1.0,-1.0,-1.0,-1.0,-1.0,0,23154.572,21716.67030519003,25073.523662908927
8,13,2011/4/22,25271.02,-1.0,-1.0,-1.0,-1.0,-1.0,0,24997.068,23559.16639894003,26916.019756658927
8,13,2011/4/29,23412.92,-1.0,-1.0,-1.0,-1.0,-1.0,0,22784.89,21346.98866456503,24703.842022283927
8,13,2011/5/6,26234.43,-1.0,-1.0,-1.0,-1.0,-1.0,0,25492.484,24054.58241456503,27411.435772283927
8,13,2011/5/13,22980.91,-1.0,-1.0,-1.0,-1.0,-1.0,0,22591.73,21153.82850831503,24510.681866033927
8,13,2011/5/20,26005.44,-1.0,-1.0,-1.0,-1.0,-1.0,0,24843.309,23405.40663331503,26762.259991033927
8,13,2011/5/27,24037.02,-1.0,-1.0,-1.0,-1.0,-1.0,0,24036.527,22598.62538331503,25955.478741033927
8,13,2011/6/3,25768.51,-1.0,-1.0,-1.0,-1.0,-1.0,0,25352.602,23914.69960206503,27271.552959783927
8,13,2011/6/10,24849.79,-1.0,-1.0,-1.0,-1.0,-1.0,0,23857.54,22419.63710206503,25776.490459783927
8,13,2011/6/17,23728.84,-1.0,-1.0,-1.0,-1.0,-1.0,0,23924.367,22486.46522706503,25843.318584783927
8,13,2011/6/24,23791.44,-1.0,-1.0,-1.0,-1.0,-1.0,0,23295.398,21857.49647706503,25214.349834783927
8,13,2011/7/1,24915.04,-1.0,-1.0,-1.0,-1.0,-1.0,0,24620.932,23183.02968019003,26539.883037908927
8,13,2011/7/8,23993.59,-1.0,-1.0,-1.0,-1.0,-1.0,0,24474.637,23036.73475831503,26393.588116033927
8,13,2011/7/15,22825.12,-1.0,-1.0,-1.0,-1.0,-1.0,0,23480.82,22042.91835206503,25399.771709783927
8,13,2011/7/22,24957.14,-1.0,-1.0,-1.0,-1.0,-1.0,0,24663.098,23225.19569581503,26582.049053533927
8,13,2011/7/29,24665.22,-1.0,-1.0,-1.0,-1.0,-1.0,0,23438.227,22000.32460206503,25357.177959783927
8,13,2011/8/5,26432.34,-1.0,-1.0,-1.0,-1.0,-1.0,0,25685.125,24247.22303956503,27604.076397283927
8,13,2011/8/12,23823.16,-1.0,-1.0,-1.0,-1.0,-1.0,0,23990.592,22552.68983644003,25909.543194158927
8,13,2011/8/19,25821.13,-1.0,-1.0,-1.0,-1.0,-1.0,0,25902.725,24464.82264894003,27821.676006658927
8,13,2011/8/26,26818.89,-1.0,-1.0,-1.0,-1.0,-1.0,0,25929.56,24491.65858644003,27848.511944158927
8,13,2011/9/2,26449.25,-1.0,-1.0,-1.0,-1.0,-1.0,0,26360.418,24922.51600831503,28279.369366033927
8,13,2011/9/9,24965.36,-1.0,-1.0,-1.0,-1.0,-1.0,1,24905.685,23467.78358644003,26824.636944158927
8,13,2011/9/16,24270.32,-1.0,-1.0,-1.0,-1.0,-1.0,0,24109.828,22671.92616456503,26028.779522283927
8,13,2011/9/23,25918.94,-1.0,-1.0,-1.0,-1.0,-1.0,0,24328.139,22890.23671144003,26247.090069158927
8,13,2011/9/30,23783.84,-1.0,-1.0,-1.0,-1.0,-1.0,0,24032.809,22594.90663331503,25951.759991033927
8,13,2011/10/7,28217.45,-1.0,-1.0,-1.0,-1.0,-1.0,0,26777.467,25339.56483644003,28696.418194158927
8,13,2011/10/14,24816.34,-1.0,-1.0,-1.0,-1.0,-1.0,0,24561.812,23123.91053956503,26480.763897283927
8,13,2011/10/21,26357.27,-1.0,-1.0,-1.0,-1.0,-1.0,0,25925.133,24487.23085206503,27844.084209783927
8,13,2011/10/28,24522.33,-1.0,-1.0,-1.0,-1.0,-1.0,0,24487.08,23049.17811769003,26406.031475408927
8,13,2011/11/4,26982.0,-1.0,-1.0,-1.0,-1.0,-1.0,0,26820.764,25382.86171144003,28739.715069158927
8,13,2011/11/11,24624.63,4971.01,4538.18,541.05,1407.72,3846.73,0,24675.459,23237.55702394003,26594.410381658927
8,13,2011/11/18,24308.73,6839.45,114.32,166.32,868.79,4442.66,0,24535.61,23097.70741456503,26454.560772283927
8,13,2011/11/25,23856.03,437.61,320.76,45968.51,110.41,992.9,1,24133.006,22695.10389894003,26051.957256658927
8,13,2011/12/2,24209.62,2222.42,286.0,1464.46,1192.79,13865.57,0,23876.36,22438.45741456503,25795.310772283927
8,13,2011/12/9,22460.28,4425.92,36.0,346.05,1791.15,9889.35,0,22472.068,21034.16639894003,24391.019756658927
8,13,2011/12/16,22309.34,739.45,34.0,326.76,169.2,2238.66,0,22279.23,20841.32850831503,24198.181866033927
8,13,2011/12/23,25399.05,1234.0,0.3,891.94,14.0,5884.24,0,24685.951,23248.04921144003,26604.902569158927
8,13,2011/12/30,20190.54,3701.08,36381.83,164.34,178.4,1508.56,1,20061.576,18623.67421144003,21980.527569158927
8,13,2012/1/6,26344.46,3093.39,26001.46,96.35,500.91,4468.63,0,25806.371,24368.46913331503,27725.322491033927
8,13,2012/1/13,23635.84,6725.29,12764.99,15.98,299.73,3851.69,0,23544.379,22106.47694581503,25463.330303533927
8,13,2012/1/20,24109.0,1643.08,1055.47,9.02,411.88,3161.92,0,24277.71,22839.80897706503,26196.662334783927
8,13,2012/1/27,24338.44,6065.01,730.16,15.18,30.28,24241.12,0,24170.65,22732.74843019003,26089.601787908927
8,13,2012/2/3,26011.22,41524.03,1412.41,83.15,18723.56,3886.31,0,25768.53,24330.62733644003,27687.480694158927
8,13,2012/2/10,25251.55,9332.6,3298.88,32.12,6530.08,4858.74,1,24612.426,23174.52382081503,26531.377178533927
8,13,2012/2/17,25180.31,4376.58,10723.12,10.5,1546.82,4117.02,0,25440.05,24002.14882081503,27359.002178533927
8,13,2012/2/24,25853.28,9712.39,4960.15,1.0,2441.26,5314.33,0,25751.176,24313.27382081503,27670.127178533927
8,13,2012/3/2,27310.03,19521.45,1000.19,0.6,5819.37,3641.54,0,26800.21,25362.30897706503,28719.162334783927
8,13,2012/3/9,25729.53,7740.12,269.44,2.0,509.65,4678.17,0,25175.307,23737.40468019003,27094.258037908927
8,13,2012/3/16,25523.98,4879.04,501.9,6.14,1078.01,1288.81,0,25084.047,23646.14491456503,27002.998272283927
8,13,2012/3/23,24955.02,6155.76,499.11,2.04,403.32,2748.36,0,24342.73,22904.82850831503,26261.681866033927
8,13,2012/3/30,23980.62,6052.68,121.67,-1.0,375.27,1715.7,0,23322.394,21884.49257081503,25241.345928533927
8,13,2012/4/6,26456.45,6821.13,-1.0,27.04,2101.86,3627.77,0,26394.8,24956.89882081503,28313.752178533927
8,13,2012/4/13,23482.18,7627.83,4689.55,4.2,940.82,1723.28,0,23628.832,22190.93007081503,25547.783428533927
8,13,2012/4/20,24567.96,3600.79,2105.64,4.9,1768.65,14945.23,0,24598.728,23160.82655519003,26517.679912908927
8,13,2012/4/27,24413.89,5440.25,1.5,2.2,15.6,3302.44,0,24054.209,22616.30702394003,25973.160381658927
1,13,2010/2/5,41969.29,-1.0,-1.0,-1.0,-1.0,-1.0,0,41485.617,39290.55933176101,45043.99264089523
1,13,2010/2/12,36476.4,-1.0,-1.0,-1.0,-1.0,-1.0,1,37324.54,35129.48120676101,40882.91451589523
1,13,2010/2/19,37857.68,-1.0,-1.0,-1.0,-1.0,-1.0,0,37753.38,35558.32105051101,41311.75435964523
1,13,2010/2/26,37467.32,-1.0,-1.0,-1.0,-1.0,-1.0,0,37532.367,35337.30933176101,41090.74264089523
1,13,2010/3/5,40423.95,-1.0,-1.0,-1.0,-1.0,-1.0,0,40120.7,37925.64136301101,43679.07467214523
1,13,2010/3/12,35833.07,-1.0,-1.0,-1.0,-1.0,-1.0,0,36889.38,34694.32105051101,40447.75435964523
1,13,2010/3/19,36807.21,-1.0,-1.0,-1.0,-1.0,-1.0,0,37019.875,34824.81714426101,40578.25045339523
1,13,2010/3/26,35431.73,-1.0,-1.0,-1.0,-1.0,-1.0,0,34580.72,32385.660894261015,38139.09420339523
1,13,2010/4/2,38104.53,-1.0,-1.0,-1.0,-1.0,-1.0,0,38968.98,36773.92261301101,42527.35592214523
1,13,2010/4/9,37638.44,-1.0,-1.0,-1.0,-1.0,-1.0,0,37288.37,35093.31323801101,40846.74654714523
1,13,2010/4/16,36663.26,-1.0,-1.0,-1.0,-1.0,-1.0,0,37620.62,35425.56323801101,41178.99654714523
1,13,2010/4/23,36058.1,-1.0,-1.0,-1.0,-1.0,-1.0,0,36807.547,34612.48901926101,40365.92232839523
1,13,2010/4/30,36717.2,-1.0,-1.0,-1.0,-1.0,-1.0,0,36809.312,34614.25464426101,40367.68795339523
1,13,2010/5/7,40113.4,-1.0,-1.0,-1.0,-1.0,-1.0,0,40004.81,37809.75073801101,43563.18404714523
1,13,2010/5/14,36499.93,-1.0,-1.0,-1.0,-1.0,-1.0,0,36399.09,34204.03198801101,39957.46529714523
1,13,2010/5/21,38569.83,-1.0,-1.0,-1.0,-1.0,-1.0,0,38650.992,36455.93433176101,42209.36764089523
1,13,2010/5/28,38347.52,-1.0,-1.0,-1.0,-1.0,-1.0,0,38089.023,35893.96558176101,41647.39889089523
1,13,2010/6/4,41388.81,-1.0,-1.0,-1.0,-1.0,-1.0,0,41506.582,39311.52417551101,45064.95748464523
1,13,2010/6/11,39657.1,-1.0,-1.0,-1.0,-1.0,-1.0,0,39183.918,36988.86011301101,42742.29342214523
1,13,2010/6/18,39165.29,-1.0,-1.0,-1.0,-1.0,-1.0,0,39206.3,37011.24292551101,42764.67623464523
1,13,2010/6/25,38697.24,-1.0,-1.0,-1.0,-1.0,-1.0,0,37780.94,35585.88355051101,41339.31685964523
1,13,2010/7/2,41214.94,-1.0,-1.0,-1.0,-1.0,-1.0,0,40522.133,38327.07495676101,44080.50826589523
1,13,2010/7/9,41056.4,-1.0,-1.0,-1.0,-1.0,-1.0,0,39323.6,37128.54370676101,42881.97701589523
1,13,2010/7/16,40150.0,-1.0,-1.0,-1.0,-1.0,-1.0,0,40331.586,38136.52808176101,43889.96139089523
1,13,2010/7/23,40552.37,-1.0,-1.0,-1.0,-1.0,-1.0,0,40165.363,37970.30542551101,43723.73873464523
1,13,2010/7/30,38018.99,-1.0,-1.0,-1.0,-1.0,-1.0,0,38577.625,36382.56714426101,42136.00045339523
1,13,2010/8/6,42038.03,-1.0,-1.0,-1.0,-1.0,-1.0,0,42044.03,39848.97339426101,45602.40670339523
1,13,2010/8/13,37869.12,-1.0,-1.0,-1.0,-1.0,-1.0,0,38057.53,35862.47339426101,41615.90670339523
1,13,2010/8/20,41509.62,-1.0,-1.0,-1.0,-1.0,-1.0,0,39890.6,37695.54370676101,43448.97701589523
1,13,2010/8/27,41175.86,-1.0,-1.0,-1.0,-1.0,-1.0,0,40587.434,38392.37573801101,44145.80904714523
1,13,2010/9/3,44863.15,-1.0,-1.0,-1.0,-1.0,-1.0,0,42718.02,40522.96167551101,46276.39498464523
1,13,2010/9/10,39525.93,-1.0,-1.0,-1.0,-1.0,-1.0,1,39757.9,37562.84058176101,43316.27389089523
1,13,2010/9/17,38416.22,-1.0,-1.0,-1.0,-1.0,-1.0,0,39070.484,36875.42651926101,42628.85982839523
1,13,2010/9/24,37293.43,-1.0,-1.0,-1.0,-1.0,-1.0,0,37602.285,35407.22730051101,41160.66060964523
1,13,2010/10/1,40474.22,-1.0,-1.0,-1.0,-1.0,-1.0,0,40310.152,38115.09448801101,43868.52779714523
1,13,2010/10/8,42139.25,-1.0,-1.0,-1.0,-1.0,-1.0,0,41628.926,39433.86792551101,45187.30123464523
1,13,2010/10/15,38749.62,-1.0,-1.0,-1.0,-1.0,-1.0,0,38491.207,36296.14917551101,42049.58248464523
1,13,2010/10/22,34712.4,-1.0,-1.0,-1.0,-1.0,-1.0,0,36881.207,34686.14917551101,40439.58248464523
1,13,2010/10/29,37762.12,-1.0,-1.0,-1.0,-1.0,-1.0,0,37427.94,35232.88355051101,40986.31685964523
1,13,2010/11/5,41085.66,-1.0,-1.0,-1.0,-1.0,-1.0,0,40955.47,38760.41089426101,44513.84420339523
1,13,2010/11/12,36817.35,-1.0,-1.0,-1.0,-1.0,-1.0,0,37296.965,35101.90698801101,40855.34029714523
1,13,2010/11/19,38446.26,-1.0,-1.0,-1.0,-1.0,-1.0,0,38357.008,36161.94995676101,41915.38326589523
1,13,2010/11/26,38371.99,-1.0,-1.0,-1.0,-1.0,-1.0,1,39144.543,36949.48511301101,42702.91842214523
1,13,2010/12/3,36170.88,-1.0,-1.0,-1.0,-1.0,-1.0,0,36542.383,34347.32495676101,40100.75826589523
1,13,2010/12/10,34749.11,-1.0,-1.0,-1.0,-1.0,-1.0,0,35947.195,33752.13745676101,39505.57076589523
1,13,2010/12/17,35237.93,-1.0,-1.0,-1.0,-1.0,-1.0,0,35741.78,33546.72339426101,39300.15670339523
1,13,2010/12/24,37099.47,-1.0,-1.0,-1.0,-1.0,-1.0,0,36278.805,34083.74683176101,39837.18014089523
1,13,2010/12/31,34081.52,-1.0,-1.0,-1.0,-1.0,-1.0,1,33307.16,31112.102300511015,36865.53560964523
1,13,2011/1/7,39764.56,-1.0,-1.0,-1.0,-1.0,-1.0,0,39910.027,37714.96948801101,43468.40279714523
1,13,2011/1/14,33668.55,-1.0,-1.0,-1.0,-1.0,-1.0,0,35646.63,33451.57105051101,39205.00435964523
1,13,2011/1/21,35961.99,-1.0,-1.0,-1.0,-1.0,-1.0,0,36615.637,34420.57886301101,40174.01217214523
1,13,2011/1/28,36321.69,-1.0,-1.0,-1.0,-1.0,-1.0,0,35313.6,33118.54370676101,38871.97701589523
1,13,2011/2/4,38065.42,-1.0,-1.0,-1.0,-1.0,-1.0,0,38979.676,36784.61792551101,42538.05123464523
1,13,2011/2/11,36883.13,-1.0,-1.0,-1.0,-1.0,-1.0,1,36318.812,34123.75464426101,39877.18795339523
1,13,2011/2/18,37604.79,-1.0,-1.0,-1.0,-1.0,-1.0,0,37861.758,35666.69995676101,41420.13326589523
1,13,2011/2/25,37838.4,-1.0,-1.0,-1.0,-1.0,-1.0,0,37995.152,35800.09448801101,41553.52779714523
1,13,2011/3/4,42277.37,-1.0,-1.0,-1.0,-1.0,-1.0,0,41819.71,39624.65308176101,45378.08639089523
1,13,2011/3/11,37577.97,-1.0,-1.0,-1.0,-1.0,-1.0,0,37422.008,35226.94995676101,40980.38326589523
1,13,2011/3/18,36930.48,-1.0,-1.0,-1.0,-1.0,-1.0,0,37168.906,34973.84839426101,40727.28170339523
1,13,2011/3/25,36745.46,-1.0,-1.0,-1.0,-1.0,-1.0,0,36085.644,33890.58667551101,39644.01998464523
1,13,2011/4/1,37630.13,-1.0,-1.0,-1.0,-1.0,-1.0,0,37437.027,35241.96948801101,40995.40279714523
1,13,2011/4/8,38076.86,-1.0,-1.0,-1.0,-1.0,-1.0,0,38404.824,36209.76636301101,41963.19967214523
1,13,2011/4/15,35263.45,-1.0,-1.0,-1.0,-1.0,-1.0,0,35571.117,33376.05933176101,39129.49264089523
1,13,2011/4/22,35464.71,-1.0,-1.0,-1.0,-1.0,-1.0,0,36359.375,34164.31714426101,39917.75045339523
1,13,2011/4/29,34311.69,-1.0,-1.0,-1.0,-1.0,-1.0,0,34461.246,32266.188238011015,38019.62154714523
1,13,2011/5/6,40581.52,-1.0,-1.0,-1.0,-1.0,-1.0,0,40369.625,38174.56714426101,43928.00045339523
1,13,2011/5/13,35378.71,-1.0,-1.0,-1.0,-1.0,-1.0,0,35813.18,33618.12183176101,39371.55514089523
1,13,2011/5/20,35816.48,-1.0,-1.0,-1.0,-1.0,-1.0,0,36571.324,34376.26636301101,40129.69967214523
1,13,2011/5/27,36203.13,-1.0,-1.0,-1.0,-1.0,-1.0,0,36388.832,34193.77417551101,39947.20748464523
1,13,2011/6/3,39884.82,-1.0,-1.0,-1.0,-1.0,-1.0,0,40200.465,38005.40698801101,43758.84029714523
1,13,2011/6/10,38080.39,-1.0,-1.0,-1.0,-1.0,-1.0,0,37758.582,35563.52417551101,41316.95748464523
1,13,2011/6/17,39020.06,-1.0,-1.0,-1.0,-1.0,-1.0,0,38088.523,35893.46558176101,41646.89889089523
1,13,2011/6/24,37316.12,-1.0,-1.0,-1.0,-1.0,-1.0,0,37258.75,35063.69214426101,40817.12545339523
1,13,2011/7/1,37414.14,-1.0,-1.0,-1.0,-1.0,-1.0,0,37648.105,35453.04761301101,41206.48092214523
1,13,2011/7/8,38193.09,-1.0,-1.0,-1.0,-1.0,-1.0,0,38418.49,36223.43042551101,41976.86373464523
1,13,2011/7/15,36966.32,-1.0,-1.0,-1.0,-1.0,-1.0,0,37015.203,34820.14526926101,40573.57857839523
1,13,2011/7/22,37990.15,-1.0,-1.0,-1.0,-1.0,-1.0,0,37898.266,35703.20776926101,41456.64107839523
1,13,2011/7/29,34910.1,-1.0,-1.0,-1.0,-1.0,-1.0,0,35548.7,33353.64136301101,39107.07467214523
1,13,2011/8/5,42542.66,-1.0,-1.0,-1.0,-1.0,-1.0,0,41972.996,39777.93823801101,45531.37154714523
1,13,2011/8/12,37593.97,-1.0,-1.0,-1.0,-1.0,-1.0,0,37508.87,35313.81323801101,41067.24654714523
1,13,2011/8/19,38533.7,-1.0,-1.0,-1.0,-1.0,-1.0,0,39168.945,36973.88745676101,42727.32076589523
1,13,2011/8/26,38727.3,-1.0,-1.0,-1.0,-1.0,-1.0,0,38388.457,36193.39917551101,41946.83248464523
1,13,2011/9/2,42713.81,-1.0,-1.0,-1.0,-1.0,-1.0,0,42196.51,40001.45386301101,45754.88717214523
1,13,2011/9/9,38045.63,-1.0,-1.0,-1.0,-1.0,-1.0,1,38330.785,36135.72730051101,41889.16060964523
1,13,2011/9/16,38382.65,-1.0,-1.0,-1.0,-1.0,-1.0,0,38603.71,36408.65308176101,42162.08639089523
1,13,2011/9/23,37645.66,-1.0,-1.0,-1.0,-1.0,-1.0,0,38045.695,35850.63745676101,41604.07076589523
1,13,2011/9/30,37928.28,-1.0,-1.0,-1.0,-1.0,-1.0,0,37414.84,35219.78198801101,40973.21529714523
1,13,2011/10/7,41151.28,-1.0,-1.0,-1.0,-1.0,-1.0,0,41346.832,39151.77417551101,44905.20748464523
1,13,2011/10/14,37531.43,-1.0,-1.0,-1.0,-1.0,-1.0,0,37817.644,35622.58667551101,41376.01998464523
1,13,2011/10/21,38272.21,-1.0,-1.0,-1.0,-1.0,-1.0,0,37468.793,35273.73511301101,41027.16842214523
1,13,2011/10/28,37117.02,-1.0,-1.0,-1.0,-1.0,-1.0,0,36962.45,34767.39136301101,40520.82467214523
1,13,2011/11/4,41907.62,-1.0,-1.0,-1.0,-1.0,-1.0,0,41437.44,39242.38355051101,44995.81685964523
1,13,2011/11/11,37255.89,10382.9,6115.67,215.07,2406.62,6551.42,0,37224.09,35029.03198801101,40782.46529714523
1,13,2011/11/18,37077.82,6074.12,254.39,51.98,427.39,5988.57,0,36719.09,34524.03198801101,40277.46529714523
1,13,2011/11/25,38625.48,410.31,98.0,55805.51,8.0,554.92,1,38453.812,36258.75464426101,42012.18795339523
1,13,2011/12/2,37507.93,5629.51,68.0,1398.11,2084.64,20475.32,0,36780.9,34585.84058176101,40339.27389089523
1,13,2011/12/9,36404.7,4640.65,19.0,105.02,3639.42,14461.82,0,35883.98,33688.92261301101,39442.35592214523
1,13,2011/12/16,32782.17,5011.32,67.0,347.37,225.79,4011.37,0,33275.668,31080.610113011015,36834.04342214523
1,13,2011/12/23,36950.91,2725.36,40.48,634.7,24.9,2739.43,0,36885.957,34690.89917551101,40444.33248464523
1,13,2011/12/30,32871.95,5762.1,46011.38,260.36,983.65,4735.78,1,32663.676,30468.617925511015,36222.05123464523
1,13,2012/1/6,41411.4,6277.39,21813.16,143.1,1450.13,8483.0,0,41287.75,39092.69214426101,44846.12545339523
1,13,2012/1/13,38000.25,5183.29,8025.87,42.24,453.08,3719.38,0,37762.09,35567.03198801101,41320.46529714523
1,13,2012/1/20,37433.66,4139.87,2807.19,33.88,500.62,3400.21,0,37112.312,34917.25464426101,40670.68795339523
1,13,2012/1/27,34312.26,1164.46,1082.74,44.0,11.0,1222.19,0,34575.582,32380.524175511015,38133.95748464523
1,13,2012/2/3,43478.58,34577.06,3579.21,160.53,32403.87,5630.4,0,43116.285,40921.22730051101,46674.66060964523
1,13,2012/2/10,43041.97,13925.06,6927.23,101.64,8471.88,6886.04,1,42058.668,39863.61011301101,45617.04342214523
1,13,2012/2/17,38622.92,9873.33,11062.27,9.8,8409.31,3402.66,0,38560.48,36365.42261301101,42118.85592214523
1,13,2012/2/24,40079.43,9349.61,7556.01,3.2,1219.92,8143.59,0,40058.168,37863.11011301101,43616.54342214523
1,13,2012/3/2,44565.32,15441.4,1569.0,10.8,25390.88,8067.61,0,44528.62,42333.56323801101,48086.99654714523
1,13,2012/3/9,40001.72,10331.04,151.88,6.0,671.43,5509.84,0,40305.13,38110.07105051101,43863.50435964523
1,13,2012/3/16,38322.83,4298.16,7.5,2.02,2724.65,2017.69,0,38851.254,36656.19605051101,42409.62935964523
1,13,2012/3/23,37801.64,6118.56,9.48,4.97,426.72,3657.22,0,38285.21,36090.15308176101,41843.58639089523
1,13,2012/3/30,38696.88,10309.58,0.5,10.25,1654.17,2642.78,0,38434.492,36239.43433176101,41992.86764089523
1,13,2012/4/6,44270.3,10121.97,-1.0,77.98,3750.59,4510.72,0,43556.16,41361.10230051101,47114.53560964523
1,13,2012/4/13,39099.61,6186.19,3288.69,17.07,1822.55,1063.78,0,38440.8,36245.74292551101,41999.17623464523
1,13,2012/4/20,39499.85,2230.8,612.02,19.75,275.13,5747.1,0,39386.305,37191.24683176101,42944.68014089523
1,13,2012/4/27,39077.84,3221.25,-1.0,35.49,577.14,6222.25,0,38687.18,36492.12183176101,42245.55514089523
13,8,2010/2/5,40372.38,-1.0,-1.0,-1.0,-1.0,-1.0,0,40834.195,38589.54949294558,43314.15939377317
13,8,2010/2/12,37958.97,-1.0,-1.0,-1.0,-1.0,-1.0,1,37485.85,35241.20574294558,39965.81564377317
13,8,2010/2/19,36753.34,-1.0,-1.0,-1.0,-1.0,-1.0,0,36927.867,34683.22136794558,39407.83126877317
13,8,2010/2/26,36803.99,-1.0,-1.0,-1.0,-1.0,-1.0,0,37182.133,34937.48699294558,39662.09689377317
13,8,2010/3/5,38669.87,-1.0,-1.0,-1.0,-1.0,-1.0,0,39387.613,37142.96746169558,41867.57736252317
13,8,2010/3/12,36524.26,-1.0,-1.0,-1.0,-1.0,-1.0,0,36291.742,34047.09636794558,38771.70626877317
13,8,2010/3/19,35677.4,-1.0,-1.0,-1.0,-1.0,-1.0,0,36091.97,33847.32293044558,38571.93283127317
13,8,2010/3/26,35853.5,-1.0,-1.0,-1.0,-1.0,-1.0,0,35316.184,33071.53777419558,37796.14767502317
13,8,2010/4/2,40820.32,-1.0,-1.0,-1.0,-1.0,-1.0,0,38864.98,36620.33464919558,41344.94455002317
13,8,2010/4/9,36058.07,-1.0,-1.0,-1.0,-1.0,-1.0,0,36288.344,34043.69793044558,38768.30783127317
13,8,2010/4/16,34749.52,-1.0,-1.0,-1.0,-1.0,-1.0,0,36645.543,34400.89714919558,39125.50705002317
13,8,2010/4/23,35002.52,-1.0,-1.0,-1.0,-1.0,-1.0,0,35152.644,32907.99871169558,37632.60861252317
13,8,2010/4/30,35182.28,-1.0,-1.0,-1.0,-1.0,-1.0,0,35180.39,32935.74480544558,37660.35470627317
13,8,2010/5/7,38033.08,-1.0,-1.0,-1.0,-1.0,-1.0,0,37257.293,35012.64714919558,39737.25705002317
13,8,2010/5/14,33487.64,-1.0,-1.0,-1.0,-1.0,-1.0,0,33418.168,31173.522149195578,35898.13205002317
13,8,2010/5/21,34012.74,-1.0,-1.0,-1.0,-1.0,-1.0,0,34729.16,32484.514336695578,37209.12423752317
13,8,2010/5/28,35828.7,-1.0,-1.0,-1.0,-1.0,-1.0,0,35237.316,32992.67058669558,37717.28048752317
13,8,2010/6/4,36633.87,-1.0,-1.0,-1.0,-1.0,-1.0,0,37118.125,34873.47918044558,39598.08908127317
13,8,2010/6/11,36583.64,-1.0,-1.0,-1.0,-1.0,-1.0,0,35573.047,33328.40105544558,38053.01095627317
13,8,2010/6/18,36488.79,-1.0,-1.0,-1.0,-1.0,-1.0,0,35953.41,33708.76433669558,38433.37423752317
13,8,2010/6/25,33928.47,-1.0,-1.0,-1.0,-1.0,-1.0,0,33595.996,31351.350274195578,36075.96017502317
13,8,2010/7/2,36764.1,-1.0,-1.0,-1.0,-1.0,-1.0,0,36544.285,34299.63933669558,39024.24923752317
13,8,2010/7/9,32591.17,-1.0,-1.0,-1.0,-1.0,-1.0,0,34096.06,31851.412774195578,36576.02267502317
13,8,2010/7/16,34538.39,-1.0,-1.0,-1.0,-1.0,-1.0,0,34286.51,32041.865899195578,36766.47580002317
13,8,2010/7/23,34699.6,-1.0,-1.0,-1.0,-1.0,-1.0,0,34691.266,32446.619805445578,37171.22970627317
13,8,2010/7/30,32075.25,-1.0,-1.0,-1.0,-1.0,-1.0,0,34321.91,32077.264336695578,36801.87423752317
13,8,2010/8/6,35071.44,-1.0,-1.0,-1.0,-1.0,-1.0,0,35145.598,32900.95183669558,37625.56173752317
13,8,2010/8/13,31096.08,-1.0,-1.0,-1.0,-1.0,-1.0,0,34030.875,31786.229180445578,36510.83908127317
13,8,2010/8/20,34240.43,-1.0,-1.0,-1.0,-1.0,-1.0,0,33571.285,31326.639336695578,36051.24923752317
13,8,2010/8/27,33368.37,-1.0,-1.0,-1.0,-1.0,-1.0,0,32551.352,30306.705742945578,35031.31564377317
13,8,2010/9/3,37037.95,-1.0,-1.0,-1.0,-1.0,-1.0,0,36417.453,34172.80730544558,38897.41720627317
13,8,2010/9/10,33489.04,-1.0,-1.0,-1.0,-1.0,-1.0,1,36319.227,34074.58074294558,38799.19064377317
13,8,2010/9/17,33504.28,-1.0,-1.0,-1.0,-1.0,-1.0,0,33751.53,31506.885430445578,36231.49533127317
13,8,2010/9/24,33944.06,-1.0,-1.0,-1.0,-1.0,-1.0,0,33650.9,31406.252617945578,36130.86251877317
13,8,2010/10/1,35698.18,-1.0,-1.0,-1.0,-1.0,-1.0,0,35844.844,33600.19793044558,38324.80783127317
13,8,2010/10/8,35790.64,-1.0,-1.0,-1.0,-1.0,-1.0,0,35819.516,33574.86980544558,38299.47970627317
13,8,2010/10/15,35239.04,-1.0,-1.0,-1.0,-1.0,-1.0,0,34381.99,32137.342461695578,36861.95236252317
13,8,2010/10/22,34864.87,-1.0,-1.0,-1.0,-1.0,-1.0,0,35460.98,33216.33464919558,37940.94455002317
13,8,2010/10/29,37380.15,-1.0,-1.0,-1.0,-1.0,-1.0,0,33965.33,31720.682305445578,36445.29220627317
13,8,2010/11/5,37224.88,-1.0,-1.0,-1.0,-1.0,-1.0,0,36940.97,34696.32293044558,39420.93283127317
13,8,2010/11/12,37716.11,-1.0,-1.0,-1.0,-1.0,-1.0,0,35087.676,32843.02996169558,37567.63986252317
13,8,2010/11/19,35753.65,-1.0,-1.0,-1.0,-1.0,-1.0,0,35802.21,33557.56511794558,38282.17501877317
13,8,2010/11/26,40420.15,-1.0,-1.0,-1.0,-1.0,-1.0,1,36915.203,34670.55730544558,39395.16720627317
13,8,2010/12/3,38988.79,-1.0,-1.0,-1.0,-1.0,-1.0,0,38486.055,36241.40886794558,40966.01876877317
13,8,2010/12/10,41236.44,-1.0,-1.0,-1.0,-1.0,-1.0,0,41003.13,38758.48308669558,43483.09298752317
13,8,2010/12/17,42887.84,-1.0,-1.0,-1.0,-1.0,-1.0,0,41345.824,39101.17839919558,43825.78830002317
13,8,2010/12/24,56570.18,-1.0,-1.0,-1.0,-1.0,-1.0,0,53698.676,51454.02996169558,56178.63986252317
13,8,2010/12/31,30417.7,-1.0,-1.0,-1.0,-1.0,-1.0,1,34417.15,32172.502617945578,36897.11251877317
13,8,2011/1/7,36472.35,-1.0,-1.0,-1.0,-1.0,-1.0,0,35447.746,33203.10027419558,37927.71017502317
13,8,2011/1/14,35701.34,-1.0,-1.0,-1.0,-1.0,-1.0,0,35062.687,32818.04168044558,37542.65158127317
13,8,2011/1/21,36100.66,-1.0,-1.0,-1.0,-1.0,-1.0,0,34955.426,32710.779961695578,37435.38986252317
13,8,2011/1/28,33594.55,-1.0,-1.0,-1.0,-1.0,-1.0,0,34419.195,32174.549492945578,36899.15939377317
13,8,2011/2/4,39336.68,-1.0,-1.0,-1.0,-1.0,-1.0,0,37929.375,35684.72918044558,40409.33908127317
13,8,2011/2/11,36614.82,-1.0,-1.0,-1.0,-1.0,-1.0,1,36063.586,33818.94011794558,38543.55001877317
13,8,2011/2/18,37668.66,-1.0,-1.0,-1.0,-1.0,-1.0,0,36365.68,34121.03386794558,38845.64376877317
13,8,2011/2/25,37076.06,-1.0,-1.0,-1.0,-1.0,-1.0,0,35678.094,33433.44793044558,38158.05783127317
13,8,2011/3/4,39275.66,-1.0,-1.0,-1.0,-1.0,-1.0,0,38884.9,36640.25261794558,41364.86251877317
13,8,2011/3/11,36537.76,-1.0,-1.0,-1.0,-1.0,-1.0,0,36014.41,33769.76433669558,38494.37423752317
13,8,2011/3/18,35793.88,-1.0,-1.0,-1.0,-1.0,-1.0,0,35574.555,33329.90886794558,38054.51876877317
13,8,2011/3/25,36731.19,-1.0,-1.0,-1.0,-1.0,-1.0,0,34648.45,32403.803399195578,37128.41330002317
13,8,2011/4/1,36181.09,-1.0,-1.0,-1.0,-1.0,-1.0,0,36674.777,34430.13152419558,39154.74142502317
13,8,2011/4/8,36170.89,-1.0,-1.0,-1.0,-1.0,-1.0,0,36028.492,33783.84636794558,38508.45626877317
13,8,2011/4/15,34067.24,-1.0,-1.0,-1.0,-1.0,-1.0,0,33819.06,31574.412774195578,36299.02267502317
13,8,2011/4/22,36389.84,-1.0,-1.0,-1.0,-1.0,-1.0,0,35452.92,33208.27605544558,37932.88595627317
13,8,2011/4/29,35511.51,-1.0,-1.0,-1.0,-1.0,-1.0,0,33040.68,30796.033867945578,35520.64376877317
13,8,2011/5/6,37623.09,-1.0,-1.0,-1.0,-1.0,-1.0,0,37555.87,35311.22527419558,40035.83517502317
13,8,2011/5/13,32650.78,-1.0,-1.0,-1.0,-1.0,-1.0,0,32748.99,30504.344414820578,35228.95431564817
13,8,2011/5/20,34527.43,-1.0,-1.0,-1.0,-1.0,-1.0,0,34709.246,32464.600274195578,37189.21017502317
13,8,2011/5/27,33793.52,-1.0,-1.0,-1.0,-1.0,-1.0,0,33851.902,31607.256524195578,36331.86642502317
13,8,2011/6/3,37269.38,-1.0,-1.0,-1.0,-1.0,-1.0,0,36912.805,34668.15886794558,39392.76876877317
13,8,2011/6/10,34843.62,-1.0,-1.0,-1.0,-1.0,-1.0,0,34847.69,32603.045586695578,37327.65548752317
13,8,2011/6/17,35819.89,-1.0,-1.0,-1.0,-1.0,-1.0,0,35278.836,33034.19011794558,37758.80001877317
13,8,2011/6/24,34577.19,-1.0,-1.0,-1.0,-1.0,-1.0,0,34690.25,32445.604180445578,37170.21408127317
13,8,2011/7/1,35233.52,-1.0,-1.0,-1.0,-1.0,-1.0,0,34926.82,32682.174492945578,37406.78439377317
13,8,2011/7/8,34258.69,-1.0,-1.0,-1.0,-1.0,-1.0,0,34237.144,31992.498711695578,36717.10861252317
13,8,2011/7/15,33950.58,-1.0,-1.0,-1.0,-1.0,-1.0,0,33639.367,31394.721367945578,36119.33126877317
13,8,2011/7/22,33687.57,-1.0,-1.0,-1.0,-1.0,-1.0,0,33732.375,31487.729180445578,36212.33908127317
13,8,2011/7/29,31567.01,-1.0,-1.0,-1.0,-1.0,-1.0,0,32517.914,30273.268242945578,34997.87814377317
13,8,2011/8/5,37629.81,-1.0,-1.0,-1.0,-1.0,-1.0,0,37151.43,34906.78386794558,39631.39376877317
13,8,2011/8/12,33072.53,-1.0,-1.0,-1.0,-1.0,-1.0,0,33072.78,30828.135430445578,35552.74533127317
13,8,2011/8/19,34294.2,-1.0,-1.0,-1.0,-1.0,-1.0,0,33569.23,31324.584649195578,36049.19455002317
13,8,2011/8/26,31909.13,-1.0,-1.0,-1.0,-1.0,-1.0,0,32539.232,30294.586602320578,35019.19650314817
13,8,2011/9/2,35712.03,-1.0,-1.0,-1.0,-1.0,-1.0,0,36433.152,34188.50652419558,38913.11642502317
13,8,2011/9/9,36063.77,-1.0,-1.0,-1.0,-1.0,-1.0,1,34805.1,32560.455742945578,37285.06564377317
13,8,2011/9/16,34169.06,-1.0,-1.0,-1.0,-1.0,-1.0,0,34297.133,32052.486992945578,36777.09689377317
13,8,2011/9/23,34500.18,-1.0,-1.0,-1.0,-1.0,-1.0,0,34086.082,31841.436211695578,36566.04611252317
13,8,2011/9/30,33360.29,-1.0,-1.0,-1.0,-1.0,-1.0,0,33559.344,31314.697930445578,36039.30783127317
13,8,2011/10/7,38042.36,-1.0,-1.0,-1.0,-1.0,-1.0,0,37665.832,35421.18621169558,40145.79611252317
13,8,2011/10/14,34763.08,-1.0,-1.0,-1.0,-1.0,-1.0,0,34646.56,32401.912774195578,37126.52267502317
13,8,2011/10/21,36738.11,-1.0,-1.0,-1.0,-1.0,-1.0,0,35461.965,33217.31902419558,37941.92892502317
13,8,2011/10/28,35098.55,-1.0,-1.0,-1.0,-1.0,-1.0,0,35886.844,33642.19793044558,38366.80783127317
13,8,2011/11/4,38090.36,-1.0,-1.0,-1.0,-1.0,-1.0,0,38286.125,36041.47918044558,40766.08908127317
13,8,2011/11/11,37869.51,31400.97,30876.79,645.07,4407.38,7740.27,0,37147.316,34902.67058669558,39627.28048752317
13,8,2011/11/18,35870.46,11003.75,1090.92,89.88,1201.3,10231.67,0,35738.242,33493.59636794558,38218.20626877317
13,8,2011/11/25,36542.77,1282.42,548.1,109030.75,146.33,3557.67,1,37028.203,34783.55730544558,39508.16720627317
13,8,2011/12/2,35922.52,7945.42,56.0,25126.9,5550.87,31844.2,0,35871.2,33626.55339919558,38351.16330002317
13,8,2011/12/9,39576.63,5924.71,56.0,577.59,1778.83,20371.02,0,38796.203,36551.55730544558,41276.16720627317
13,8,2011/12/16,39962.67,3272.56,556.15,959.55,424.43,5933.01,0,38700.3,36455.65496169558,41180.26486252317
13,8,2011/12/23,51607.23,686.24,193.26,2971.53,239.78,3567.03,0,51472.266,49227.61980544558,53952.22970627317
13,8,2011/12/30,33783.88,5970.81,89121.94,406.4,1772.02,3645.0,1,33573.902,31329.256524195578,36053.86642502317
13,8,2012/1/6,35371.37,6809.96,37106.52,179.77,1922.55,7481.58,0,35299.633,33054.98699294558,37779.59689377317
13,8,2012/1/13,35191.74,3627.07,14887.88,119.93,798.48,4668.82,0,34619.477,32374.830742945578,37099.44064377317
13,8,2012/1/20,36266.11,3150.56,6765.52,87.63,1196.17,3136.96,0,34436.633,32191.986992945578,36916.59689377317
13,8,2012/1/27,34827.12,3743.0,3744.31,108.46,253.99,3511.82,0,34101.5,31856.854180445578,36581.46408127317
13,8,2012/2/3,39080.76,53423.29,5822.12,282.08,57817.56,9654.23,0,38968.336,36723.69011794558,41448.30001877317
13,8,2012/2/10,35307.65,9264.48,8292.73,179.72,18849.21,9083.54,1,36028.957,33784.31121169558,38508.92111252317
13,8,2012/2/17,37794.39,21621.16,16497.47,25.52,13643.83,14660.97,0,37358.992,35114.34636794558,39838.95626877317
13,8,2012/2/24,37277.54,16404.54,12013.87,3.4,2584.12,5126.53,0,36785.586,34540.94011794558,39265.55001877317
13,8,2012/3/2,40418.34,25204.67,2436.75,167.88,16066.76,7289.69,0,40418.7,38174.05339919558,42898.66330002317
13,8,2012/3/9,37634.2,9173.97,339.05,9.44,1300.75,7479.12,0,36504.56,34259.91277419558,38984.52267502317
13,8,2012/3/16,34510.62,8901.34,637.7,3.85,6169.81,2446.53,0,34552.555,32307.908867945578,37032.51876877317
13,8,2012/3/23,34704.09,3489.61,75.36,2.52,827.19,3427.9,0,35208.9,32964.25261794558,37688.86251877317
13,8,2012/3/30,35231.66,10556.61,43.54,15.84,1116.83,8179.03,0,34425.043,32180.397149195578,36905.00705002317
13,8,2012/4/6,39599.77,9249.62,-1.0,59.94,3969.24,6016.86,0,39545.297,37300.65105544558,42025.26095627317
13,8,2012/4/13,35988.62,7419.44,19610.52,54.65,3021.51,3374.9,0,35007.547,32762.901055445578,37487.51095627317
13,8,2012/4/20,35568.23,22464.84,8216.22,70.45,1561.38,7307.24,0,35503.992,33259.34636794558,37983.95626877317
13,8,2012/4/27,33271.86,4626.7,0.11,67.16,104.18,3280.73,0,33577.074,31332.428399195578,36057.03830002317
19,8,2010/2/5,48449.43,-1.0,-1.0,-1.0,-1.0,-1.0,0,48059.67,45690.7571875,49926.134515625
19,8,2010/2/12,45921.29,-1.0,-1.0,-1.0,-1.0,-1.0,1,45299.35,42930.436875,47165.814203125
19,8,2010/2/19,44518.49,-1.0,-1.0,-1.0,-1.0,-1.0,0,44698.59,42329.67515625,46565.052484375
19,8,2010/2/26,44208.58,-1.0,-1.0,-1.0,-1.0,-1.0,0,44792.805,42423.89,46659.267328125
19,8,2010/3/5,47326.71,-1.0,-1.0,-1.0,-1.0,-1.0,0,46870.523,44501.60875,48736.986078125
19,8,2010/3/12,44584.38,-1.0,-1.0,-1.0,-1.0,-1.0,0,44401.504,42032.58921875,46267.966546875
19,8,2010/3/19,44366.92,-1.0,-1.0,-1.0,-1.0,-1.0,0,43725.316,41356.40171875,45591.779046875
19,8,2010/3/26,42435.9,-1.0,-1.0,-1.0,-1.0,-1.0,0,43066.31,40697.39390625,44932.771234375
19,8,2010/4/2,47609.13,-1.0,-1.0,-1.0,-1.0,-1.0,0,46992.242,44623.3275,48858.704828125
19,8,2010/4/9,43384.57,-1.0,-1.0,-1.0,-1.0,-1.0,0,44545.07,42176.155625,46411.532953125
19,8,2010/4/16,46835.91,-1.0,-1.0,-1.0,-1.0,-1.0,0,45926.36,43557.4446875,47792.822015625
19,8,2010/4/23,46598.72,-1.0,-1.0,-1.0,-1.0,-1.0,0,45330.953,42962.0384375,47197.415765625
19,8,2010/4/30,42998.9,-1.0,-1.0,-1.0,-1.0,-1.0,0,42616.074,40247.15953125,44482.536859375
19,8,2010/5/7,45240.27,-1.0,-1.0,-1.0,-1.0,-1.0,0,44510.402,42141.48765625,46376.864984375
19,8,2010/5/14,43651.22,-1.0,-1.0,-1.0,-1.0,-1.0,0,42836.187,40467.2728125,44702.650140625
19,8,2010/5/21,43227.75,-1.0,-1.0,-1.0,-1.0,-1.0,0,43353.406,40984.4915625,45219.868890625
19,8,2010/5/28,43340.59,-1.0,-1.0,-1.0,-1.0,-1.0,0,43588.215,41219.30015625,45454.677484375
19,8,2010/6/4,41241.41,-1.0,-1.0,-1.0,-1.0,-1.0,0,43116.832,40747.91734375,44983.294671875
19,8,2010/6/11,41627.74,-1.0,-1.0,-1.0,-1.0,-1.0,0,43172.293,40803.37828125,45038.755609375
19,8,2010/6/18,43108.17,-1.0,-1.0,-1.0,-1.0,-1.0,0,43526.703,41157.7884375,45393.165765625
19,8,2010/6/25,41388.63,-1.0,-1.0,-1.0,-1.0,-1.0,0,41930.766,39561.8509375,43797.228265625
19,8,2010/7/2,46122.8,-1.0,-1.0,-1.0,-1.0,-1.0,0,44719.72,42350.8040625,46586.181390625
19,8,2010/7/9,40923.4,-1.0,-1.0,-1.0,-1.0,-1.0,0,42709.836,40340.92125,44576.298578125
19,8,2010/7/16,42387.86,-1.0,-1.0,-1.0,-1.0,-1.0,0,42388.285,40019.37046875,44254.747796875
19,8,2010/7/23,42282.81,-1.0,-1.0,-1.0,-1.0,-1.0,0,42205.35,39836.436875,44071.814203125
19,8,2010/7/30,43181.14,-1.0,-1.0,-1.0,-1.0,-1.0,0,41517.992,39149.0775,43384.454828125
19,8,2010/8/6,43497.64,-1.0,-1.0,-1.0,-1.0,-1.0,0,44225.457,41856.54234375,46091.919671875
19,8,2010/8/13,41894.46,-1.0,-1.0,-1.0,-1.0,-1.0,0,42045.355,39676.44078125,43911.818109375
19,8,2010/8/20,40159.04,-1.0,-1.0,-1.0,-1.0,-1.0,0,42235.848,39866.93296875,44102.310296875
19,8,2010/8/27,40638.26,-1.0,-1.0,-1.0,-1.0,-1.0,0,42087.953,39719.0384375,43954.415765625
19,8,2010/9/3,41625.93,-1.0,-1.0,-1.0,-1.0,-1.0,0,43074.777,40705.86265625,44941.239984375
19,8,2010/9/10,44531.89,-1.0,-1.0,-1.0,-1.0,-1.0,1,44215.53,41846.6165625,46081.993890625
19,8,2010/9/17,44032.01,-1.0,-1.0,-1.0,-1.0,-1.0,0,42921.75,40552.8353125,44788.212640625
19,8,2010/9/24,41540.93,-1.0,-1.0,-1.0,-1.0,-1.0,0,41849.16,39480.24546875,43715.622796875
19,8,2010/10/1,43071.81,-1.0,-1.0,-1.0,-1.0,-1.0,0,43477.098,41108.18296875,45343.560296875
19,8,2010/10/8,43589.32,-1.0,-1.0,-1.0,-1.0,-1.0,0,43230.86,40861.9446875,45097.322015625
19,8,2010/10/15,42554.97,-1.0,-1.0,-1.0,-1.0,-1.0,0,42701.957,40333.04234375,44568.419671875
19,8,2010/10/22,40478.53,-1.0,-1.0,-1.0,-1.0,-1.0,0,42889.293,40520.37828125,44755.755609375
19,8,2010/10/29,42842.01,-1.0,-1.0,-1.0,-1.0,-1.0,0,42782.45,40413.53453125,44648.911859375
19,8,2010/11/5,44255.65,-1.0,-1.0,-1.0,-1.0,-1.0,0,44418.1,42049.186875,46284.564203125
19,8,2010/11/12,42275.39,-1.0,-1.0,-1.0,-1.0,-1.0,0,43456.406,41087.4915625,45322.868890625
19,8,2010/11/19,41601.62,-1.0,-1.0,-1.0,-1.0,-1.0,0,43445.344,41076.4290625,45311.806390625
19,8,2010/11/26,41233.41,-1.0,-1.0,-1.0,-1.0,-1.0,1,42669.32,40300.405625,44535.782953125
19,8,2010/12/3,42372.3,-1.0,-1.0,-1.0,-1.0,-1.0,0,42767.73,40398.81578125,44634.193109375
19,8,2010/12/10,48503.44,-1.0,-1.0,-1.0,-1.0,-1.0,0,47568.008,45199.093125,49434.470453125
19,8,2010/12/17,48995.82,-1.0,-1.0,-1.0,-1.0,-1.0,0,48836.566,46467.65171875,50703.029046875
19,8,2010/12/24,62278.75,-1.0,-1.0,-1.0,-1.0,-1.0,0,56508.99,54140.07359375,58375.450921875
19,8,2010/12/31,38026.43,-1.0,-1.0,-1.0,-1.0,-1.0,1,37592.08,35223.1634375,39458.540765625
19,8,2011/1/7,38257.45,-1.0,-1.0,-1.0,-1.0,-1.0,0,40578.97,38210.0540625,42445.431390625
19,8,2011/1/14,39152.74,-1.0,-1.0,-1.0,-1.0,-1.0,0,40859.87,38490.95640625,42726.333734375
19,8,2011/1/21,39204.22,-1.0,-1.0,-1.0,-1.0,-1.0,0,40142.594,37773.6790625,42009.056390625
19,8,2011/1/28,41259.63,-1.0,-1.0,-1.0,-1.0,-1.0,0,40752.32,38383.405625,42618.782953125
19,8,2011/2/4,41865.33,-1.0,-1.0,-1.0,-1.0,-1.0,0,43186.273,40817.35875,45052.736078125
19,8,2011/2/11,42786.08,-1.0,-1.0,-1.0,-1.0,-1.0,1,43184.316,40815.40171875,45050.779046875
19,8,2011/2/18,41912.32,-1.0,-1.0,-1.0,-1.0,-1.0,0,41402.977,39034.061875,43269.439203125
19,8,2011/2/25,38032.85,-1.0,-1.0,-1.0,-1.0,-1.0,0,39439.86,37070.9446875,41306.322015625
19,8,2011/3/4,45049.11,-1.0,-1.0,-1.0,-1.0,-1.0,0,43893.992,41525.0775,45760.454828125
19,8,2011/3/11,41517.16,-1.0,-1.0,-1.0,-1.0,-1.0,0,42242.74,39873.82359375,44109.200921875
19,8,2011/3/18,40852.74,-1.0,-1.0,-1.0,-1.0,-1.0,0,42526.38,40157.46421875,44392.841546875
19,8,2011/3/25,40983.6,-1.0,-1.0,-1.0,-1.0,-1.0,0,41526.426,39157.51109375,43392.888421875
19,8,2011/4/1,43407.05,-1.0,-1.0,-1.0,-1.0,-1.0,0,42196.586,39827.67125,44063.048578125
19,8,2011/4/8,41232.32,-1.0,-1.0,-1.0,-1.0,-1.0,0,41754.45,39385.53453125,43620.911859375
19,8,2011/4/15,39767.22,-1.0,-1.0,-1.0,-1.0,-1.0,0,40253.18,37884.265,42119.642328125
19,8,2011/4/22,43053.98,-1.0,-1.0,-1.0,-1.0,-1.0,0,41279.492,38910.5775,43145.954828125
19,8,2011/4/29,37202.53,-1.0,-1.0,-1.0,-1.0,-1.0,0,38201.09,35832.17515625,40067.552484375
19,8,2011/5/6,43059.49,-1.0,-1.0,-1.0,-1.0,-1.0,0,43346.105,40977.19078125,45212.568109375
19,8,2011/5/13,38660.17,-1.0,-1.0,-1.0,-1.0,-1.0,0,40048.676,37679.76109375,41915.138421875
19,8,2011/5/20,41148.77,-1.0,-1.0,-1.0,-1.0,-1.0,0,42014.7,39645.78453125,43881.161859375
19,8,2011/5/27,43042.47,-1.0,-1.0,-1.0,-1.0,-1.0,0,41280.21,38911.29625,43146.673578125
19,8,2011/6/3,40999.2,-1.0,-1.0,-1.0,-1.0,-1.0,0,41673.652,39304.73765625,43540.114984375
19,8,2011/6/10,42140.08,-1.0,-1.0,-1.0,-1.0,-1.0,0,41833.086,39464.17125,43699.548578125
19,8,2011/6/17,40628.54,-1.0,-1.0,-1.0,-1.0,-1.0,0,42059.1,39690.186875,43925.564203125
19,8,2011/6/24,43510.33,-1.0,-1.0,-1.0,-1.0,-1.0,0,41762.644,39393.72984375,43629.107171875
19,8,2011/7/1,43067.57,-1.0,-1.0,-1.0,-1.0,-1.0,0,42112.594,39743.6790625,43979.056390625
19,8,2011/7/8,39899.9,-1.0,-1.0,-1.0,-1.0,-1.0,0,39701.71,37332.79625,41568.173578125
19,8,2011/7/15,41355.81,-1.0,-1.0,-1.0,-1.0,-1.0,0,40619.367,38250.4525,42485.829828125
19,8,2011/7/22,41488.53,-1.0,-1.0,-1.0,-1.0,-1.0,0,41801.227,39432.311875,43667.689203125
19,8,2011/7/29,39032.01,-1.0,-1.0,-1.0,-1.0,-1.0,0,39187.906,36818.9915625,41054.368890625
19,8,2011/8/5,43708.16,-1.0,-1.0,-1.0,-1.0,-1.0,0,43671.64,41302.7259375,45538.103265625
19,8,2011/8/12,39387.39,-1.0,-1.0,-1.0,-1.0,-1.0,0,40823.77,38454.85484375,42690.232171875
19,8,2011/8/19,41515.06,-1.0,-1.0,-1.0,-1.0,-1.0,0,41964.41,39595.49546875,43830.872796875
19,8,2011/8/26,41202.05,-1.0,-1.0,-1.0,-1.0,-1.0,0,40811.875,38442.9603125,42678.337640625
19,8,2011/9/2,41445.36,-1.0,-1.0,-1.0,-1.0,-1.0,0,42010.484,39641.5696875,43876.947015625
19,8,2011/9/9,42516.93,-1.0,-1.0,-1.0,-1.0,-1.0,1,42908.812,40539.8978125,44775.275140625
19,8,2011/9/16,40502.29,-1.0,-1.0,-1.0,-1.0,-1.0,0,41180.707,38811.79234375,43047.169671875
19,8,2011/9/23,40142.68,-1.0,-1.0,-1.0,-1.0,-1.0,0,40396.055,38027.14,42262.517328125
19,8,2011/9/30,39715.06,-1.0,-1.0,-1.0,-1.0,-1.0,0,40153.926,37785.01109375,42020.388421875
19,8,2011/10/7,41686.43,-1.0,-1.0,-1.0,-1.0,-1.0,0,42620.08,40251.1634375,44486.540765625
19,8,2011/10/14,40581.82,-1.0,-1.0,-1.0,-1.0,-1.0,0,40835.375,38466.4603125,42701.837640625
19,8,2011/10/21,42480.55,-1.0,-1.0,-1.0,-1.0,-1.0,0,42871.066,40502.15171875,44737.529046875
19,8,2011/10/28,41552.23,-1.0,-1.0,-1.0,-1.0,-1.0,0,41037.83,38668.9134375,42904.290765625
19,8,2011/11/4,43076.47,-1.0,-1.0,-1.0,-1.0,-1.0,0,43785.402,41416.48765625,45651.864984375
19,8,2011/11/11,44921.98,27064.58,16590.75,502.96,8568.62,6349.89,0,44733.355,42364.44078125,46599.818109375
19,8,2011/11/18,41137.73,10100.14,1785.29,92.36,978.96,7776.94,0,41106.144,38737.22984375,42972.607171875
19,8,2011/11/25,39432.59,1328.35,1436.52,88805.58,23.79,1869.98,1,40613.848,38244.93296875,42480.310296875
19,8,2011/12/2,42347.78,7197.6,239.76,9191.67,4716.48,28279.83,0,42367.137,39998.22203125,44233.599359375
19,8,2011/12/9,45082.62,7210.8,9.5,481.91,4650.7,11954.56,0,45145.687,42776.7728125,47012.150140625
19,8,2011/12/16,48498.94,5307.81,292.4,825.0,489.96,4799.18,0,47105.227,44736.311875,48971.689203125
19,8,2011/12/23,56060.18,3124.45,475.86,1902.55,145.88,3248.83,0,58840.777,56471.86265625,60707.239984375
19,8,2011/12/30,38795.55,6234.22,50438.17,210.34,1457.96,2373.94,1,38552.098,36183.18296875,40418.560296875
19,8,2012/1/6,39672.02,9970.68,26073.98,233.88,1552.93,10335.05,0,39791.043,37422.12828125,41657.505609375
19,8,2012/1/13,37443.74,3504.09,11505.42,291.37,1698.88,5451.32,0,39970.133,37601.218125,41836.595453125
19,8,2012/1/20,41395.81,5571.99,5702.57,225.06,1122.08,2863.93,0,41319.82,38950.905625,43186.282953125
19,8,2012/1/27,39258.31,3112.37,4031.78,289.74,20.97,2353.81,0,39304.734,36935.8196875,41171.197015625
19,8,2012/2/3,43701.39,51879.66,6433.83,394.18,52739.02,6473.61,0,43767.14,41398.2259375,45633.603265625
19,8,2012/2/10,43906.54,12739.73,8415.91,279.21,16150.68,7888.04,1,43594.86,41225.9446875,45461.322015625
19,8,2012/2/17,39527.04,14910.8,14860.19,82.94,11200.69,7571.06,0,40303.754,37934.83921875,42170.216546875
19,8,2012/2/24,43187.11,13926.46,11835.35,2.8,4929.34,6287.18,0,42723.324,40354.40953125,44589.786859375
19,8,2012/3/2,44149.83,28177.29,3485.95,22.78,31324.8,2851.55,0,45479.684,43110.76890625,47346.146234375
19,8,2012/3/9,42820.48,6724.01,745.75,2.68,1532.63,3952.89,0,43207.203,40838.2884375,45073.665765625
19,8,2012/3/16,41753.14,8353.56,84.57,3.04,3175.2,2613.7,0,42440.402,40071.48765625,44306.864984375
19,8,2012/3/23,39626.45,6048.55,170.78,1.02,986.74,2684.83,0,40047.234,37678.3196875,41913.697015625
19,8,2012/3/30,41954.45,9356.36,134.4,6.75,2056.18,3420.94,0,41680.406,39311.4915625,43546.868890625
19,8,2012/4/6,47637.51,9337.26,-1.0,52.59,2949.23,5996.69,0,46656.246,44287.33140625,48522.708734375
19,8,2012/4/13,39786.89,5254.86,12590.76,22.55,1818.94,3264.93,0,39783.47,37414.5540625,41649.931390625
19,8,2012/4/20,40512.24,6304.48,5712.68,34.16,1321.97,3751.92,0,41533.133,39164.218125,43399.595453125
19,8,2012/4/27,42555.58,3735.3,-265.76,52.82,67.72,2959.27,0,41348.457,38979.54234375,43214.919671875
31,13,2010/2/5,45228.96,-1.0,-1.0,-1.0,-1.0,-1.0,0,45846.812,44133.95103810454,48897.50588897879
31,13,2010/2/12,44611.81,-1.0,-1.0,-1.0,-1.0,-1.0,1,43916.117,42203.25572560454,46966.81057647879
31,13,2010/2/19,43438.72,-1.0,-1.0,-1.0,-1.0,-1.0,0,43708.195,41995.33385060454,46758.88870147879
31,13,2010/2/26,42684.62,-1.0,-1.0,-1.0,-1.0,-1.0,0,42577.8,40864.93931935454,45628.49417022879
31,13,2010/3/5,43321.34,-1.0,-1.0,-1.0,-1.0,-1.0,0,43969.54,42256.67760060454,47020.23245147879
31,13,2010/3/12,42558.84,-1.0,-1.0,-1.0,-1.0,-1.0,0,41718.348,40005.48619435454,44769.04104522879
31,13,2010/3/19,40104.38,-1.0,-1.0,-1.0,-1.0,-1.0,0,42325.934,40613.07213185454,45376.62698272879
31,13,2010/3/26,38282.57,-1.0,-1.0,-1.0,-1.0,-1.0,0,38870.184,37157.32213185454,41920.87698272879
31,13,2010/4/2,39514.74,-1.0,-1.0,-1.0,-1.0,-1.0,0,42634.754,40921.89244435454,45685.44729522879
31,13,2010/4/9,42348.88,-1.0,-1.0,-1.0,-1.0,-1.0,0,41803.14,40090.27916310454,44853.83401397879
31,13,2010/4/16,42424.85,-1.0,-1.0,-1.0,-1.0,-1.0,0,42905.184,41192.32213185454,45955.87698272879
31,13,2010/4/23,42995.63,-1.0,-1.0,-1.0,-1.0,-1.0,0,42384.05,40671.18931935454,45434.74417022879
31,13,2010/4/30,40150.94,-1.0,-1.0,-1.0,-1.0,-1.0,0,40735.08,39022.21666310454,43785.77151397879
31,13,2010/5/7,41429.68,-1.0,-1.0,-1.0,-1.0,-1.0,0,41881.945,40169.08385060454,44932.63870147879
31,13,2010/5/14,38006.63,-1.0,-1.0,-1.0,-1.0,-1.0,0,38836.285,37123.42369435454,41886.97854522879
31,13,2010/5/21,43530.24,-1.0,-1.0,-1.0,-1.0,-1.0,0,41491.06,39778.19713185454,44541.75198272879
31,13,2010/5/28,40410.68,-1.0,-1.0,-1.0,-1.0,-1.0,0,40817.19,39104.32994435454,43867.88479522879
31,13,2010/6/4,41409.84,-1.0,-1.0,-1.0,-1.0,-1.0,0,41372.613,39659.75181935454,44423.30667022879
31,13,2010/6/11,40109.52,-1.0,-1.0,-1.0,-1.0,-1.0,0,41054.316,39341.45494435454,44105.00979522879
31,13,2010/6/18,40461.94,-1.0,-1.0,-1.0,-1.0,-1.0,0,40245.53,38532.66978810454,43296.22463897879
31,13,2010/6/25,39112.49,-1.0,-1.0,-1.0,-1.0,-1.0,0,39459.29,37746.42760060454,42509.98245147879
31,13,2010/7/2,42078.69,-1.0,-1.0,-1.0,-1.0,-1.0,0,41260.1,39547.24010060454,44310.79495147879
31,13,2010/7/9,39016.89,-1.0,-1.0,-1.0,-1.0,-1.0,0,41314.918,39602.05650685454,44365.61135772879
31,13,2010/7/16,40492.78,-1.0,-1.0,-1.0,-1.0,-1.0,0,41022.12,39309.25963185454,44072.81448272879
31,13,2010/7/23,39840.33,-1.0,-1.0,-1.0,-1.0,-1.0,0,40487.31,38774.44713185454,43538.00198272879
31,13,2010/7/30,38870.83,-1.0,-1.0,-1.0,-1.0,-1.0,0,39634.78,37921.91978810454,42685.47463897879
31,13,2010/8/6,40614.49,-1.0,-1.0,-1.0,-1.0,-1.0,0,41611.137,39898.27525685454,44661.83010772879
31,13,2010/8/13,41436.05,-1.0,-1.0,-1.0,-1.0,-1.0,0,41364.984,39652.12291310454,44415.67776397879
31,13,2010/8/20,43011.76,-1.0,-1.0,-1.0,-1.0,-1.0,0,43045.99,41333.12681935454,46096.68167022879
31,13,2010/8/27,42245.95,-1.0,-1.0,-1.0,-1.0,-1.0,0,41631.457,39918.59556935454,44682.15042022879
31,13,2010/9/3,42940.63,-1.0,-1.0,-1.0,-1.0,-1.0,0,44131.113,42418.25181935454,47181.80667022879
31,13,2010/9/10,43992.55,-1.0,-1.0,-1.0,-1.0,-1.0,1,43539.492,41826.63072560454,46590.18557647879
31,13,2010/9/17,39863.64,-1.0,-1.0,-1.0,-1.0,-1.0,0,40739.15,39026.28697560454,43789.84182647879
31,13,2010/9/24,39873.99,-1.0,-1.0,-1.0,-1.0,-1.0,0,40131.19,38418.32994435454,43181.88479522879
31,13,2010/10/1,41765.66,-1.0,-1.0,-1.0,-1.0,-1.0,0,41192.297,39479.43541310454,44242.99026397879
31,13,2010/10/8,41481.32,-1.0,-1.0,-1.0,-1.0,-1.0,0,42194.246,40481.38463185454,45244.93948272879
31,13,2010/10/15,39237.58,-1.0,-1.0,-1.0,-1.0,-1.0,0,40760.496,39047.63463185454,43811.18948272879
31,13,2010/10/22,42152.05,-1.0,-1.0,-1.0,-1.0,-1.0,0,41741.113,40028.25181935454,44791.80667022879
31,13,2010/10/29,39894.74,-1.0,-1.0,-1.0,-1.0,-1.0,0,40332.492,38619.63072560454,43383.18557647879
31,13,2010/11/5,43181.49,-1.0,-1.0,-1.0,-1.0,-1.0,0,43006.754,41293.89244435454,46057.44729522879
31,13,2010/11/12,42721.95,-1.0,-1.0,-1.0,-1.0,-1.0,0,41090.83,39377.96666310454,44141.52151397879
31,13,2010/11/19,42729.38,-1.0,-1.0,-1.0,-1.0,-1.0,0,42256.94,40544.07994435454,45307.63479522879
31,13,2010/11/26,43740.81,-1.0,-1.0,-1.0,-1.0,-1.0,1,43680.63,41967.76744435454,46731.32229522879
31,13,2010/12/3,39531.81,-1.0,-1.0,-1.0,-1.0,-1.0,0,39416.91,37704.04869435454,42467.60354522879
31,13,2010/12/10,38822.26,-1.0,-1.0,-1.0,-1.0,-1.0,0,39714.04,38001.17760060454,42764.73245147879
31,13,2010/12/17,39690.3,-1.0,-1.0,-1.0,-1.0,-1.0,0,39854.63,38141.76744435454,42905.32229522879
31,13,2010/12/24,42187.5,-1.0,-1.0,-1.0,-1.0,-1.0,0,42339.37,40626.50963185454,45390.06448272879
31,13,2010/12/31,37748.22,-1.0,-1.0,-1.0,-1.0,-1.0,1,37753.703,36040.84166310454,40804.39651397879
31,13,2011/1/7,40822.89,-1.0,-1.0,-1.0,-1.0,-1.0,0,41120.15,39407.28697560454,44170.84182647879
31,13,2011/1/14,40024.06,-1.0,-1.0,-1.0,-1.0,-1.0,0,40276.363,38563.50181935454,43327.05667022879
31,13,2011/1/21,44041.21,-1.0,-1.0,-1.0,-1.0,-1.0,0,43004.203,41291.34166310454,46054.89651397879
31,13,2011/1/28,39662.73,-1.0,-1.0,-1.0,-1.0,-1.0,0,39641.055,37928.19322560454,42691.74807647879
31,13,2011/2/4,40132.28,-1.0,-1.0,-1.0,-1.0,-1.0,0,41468.035,39755.17369435454,44518.72854522879
31,13,2011/2/11,43520.96,-1.0,-1.0,-1.0,-1.0,-1.0,1,43316.99,41604.12681935454,46367.68167022879
31,13,2011/2/18,45463.58,-1.0,-1.0,-1.0,-1.0,-1.0,0,44695.7,42982.83775685454,47746.39260772879
31,13,2011/2/25,46859.25,-1.0,-1.0,-1.0,-1.0,-1.0,0,45219.285,43506.42369435454,48269.97854522879
31,13,2011/3/4,45217.71,-1.0,-1.0,-1.0,-1.0,-1.0,0,44049.598,42336.73619435454,47100.29104522879
31,13,2011/3/11,42649.81,-1.0,-1.0,-1.0,-1.0,-1.0,0,42835.11,41122.24791310454,45885.80276397879
31,13,2011/3/18,44765.94,-1.0,-1.0,-1.0,-1.0,-1.0,0,43193.273,41480.41197560454,46243.96682647879
31,13,2011/3/25,42168.15,-1.0,-1.0,-1.0,-1.0,-1.0,0,41649.062,39936.20103810454,44699.75588897879
31,13,2011/4/1,40502.98,-1.0,-1.0,-1.0,-1.0,-1.0,0,40563.203,38850.34166310454,43613.89651397879
31,13,2011/4/8,41745.39,-1.0,-1.0,-1.0,-1.0,-1.0,0,42090.793,40377.93150685454,45141.48635772879
31,13,2011/4/15,41948.77,-1.0,-1.0,-1.0,-1.0,-1.0,0,41707.332,39994.47056935454,44758.02542022879
31,13,2011/4/22,43384.1,-1.0,-1.0,-1.0,-1.0,-1.0,0,44012.633,42299.77135060454,47063.32620147879
31,13,2011/4/29,39359.5,-1.0,-1.0,-1.0,-1.0,-1.0,0,40097.125,38384.26353810454,43147.81838897879
31,13,2011/5/6,40665.49,-1.0,-1.0,-1.0,-1.0,-1.0,0,41660.96,39948.09947560454,44711.65432647879
31,13,2011/5/13,39394.43,-1.0,-1.0,-1.0,-1.0,-1.0,0,40048.394,38335.53306935454,43099.08792022879
31,13,2011/5/20,42433.11,-1.0,-1.0,-1.0,-1.0,-1.0,0,43051.18,41338.31822560454,46101.87307647879
31,13,2011/5/27,41914.57,-1.0,-1.0,-1.0,-1.0,-1.0,0,42034.64,40321.77916310454,45085.33401397879
31,13,2011/6/3,41433.22,-1.0,-1.0,-1.0,-1.0,-1.0,0,42073.547,40360.68541310454,45124.24026397879
31,13,2011/6/10,40517.86,-1.0,-1.0,-1.0,-1.0,-1.0,0,40567.406,38854.54478810454,43618.09963897879
31,13,2011/6/17,42160.17,-1.0,-1.0,-1.0,-1.0,-1.0,0,41899.32,40186.45885060454,44950.01370147879
31,13,2011/6/24,41494.14,-1.0,-1.0,-1.0,-1.0,-1.0,0,41688.26,39975.40025685454,44738.95510772879
31,13,2011/7/1,40896.04,-1.0,-1.0,-1.0,-1.0,-1.0,0,40852.894,39140.03306935454,43903.58792022879
31,13,2011/7/8,39250.47,-1.0,-1.0,-1.0,-1.0,-1.0,0,40467.187,38754.32603810454,43517.88088897879
31,13,2011/7/15,40883.64,-1.0,-1.0,-1.0,-1.0,-1.0,0,40907.06,39194.19713185454,43957.75198272879
31,13,2011/7/22,42715.02,-1.0,-1.0,-1.0,-1.0,-1.0,0,42409.457,40696.59556935454,45460.15042022879
31,13,2011/7/29,38956.5,-1.0,-1.0,-1.0,-1.0,-1.0,0,39255.16,37542.29869435454,42305.85354522879
31,13,2011/8/5,42033.46,-1.0,-1.0,-1.0,-1.0,-1.0,0,42753.27,41040.40806935454,45803.96292022879
31,13,2011/8/12,41751.79,-1.0,-1.0,-1.0,-1.0,-1.0,0,41575.555,39862.69322560454,44626.24807647879
31,13,2011/8/19,45419.41,-1.0,-1.0,-1.0,-1.0,-1.0,0,44722.937,43010.07603810454,47773.63088897879
31,13,2011/8/26,42480.95,-1.0,-1.0,-1.0,-1.0,-1.0,0,43503.508,41790.64635060454,46554.20120147879
31,13,2011/9/2,44226.92,-1.0,-1.0,-1.0,-1.0,-1.0,0,43378.547,41665.68541310454,46429.24026397879
31,13,2011/9/9,42107.19,-1.0,-1.0,-1.0,-1.0,-1.0,1,42463.473,40750.61119435454,45514.16604522879
31,13,2011/9/16,42199.07,-1.0,-1.0,-1.0,-1.0,-1.0,0,42944.79,41231.92760060454,45995.48245147879
31,13,2011/9/23,44043.59,-1.0,-1.0,-1.0,-1.0,-1.0,0,43701.656,41988.79478810454,46752.34963897879
31,13,2011/9/30,41569.73,-1.0,-1.0,-1.0,-1.0,-1.0,0,40861.137,39148.27525685454,43911.83010772879
31,13,2011/10/7,45559.09,-1.0,-1.0,-1.0,-1.0,-1.0,0,45090.727,43377.86510060454,48141.41995147879
31,13,2011/10/14,43719.19,-1.0,-1.0,-1.0,-1.0,-1.0,0,42206.81,40493.94713185454,45257.50198272879
31,13,2011/10/21,44647.83,-1.0,-1.0,-1.0,-1.0,-1.0,0,43517.03,41804.16978810454,46567.72463897879
31,13,2011/10/28,41332.47,-1.0,-1.0,-1.0,-1.0,-1.0,0,41255.812,39542.95103810454,44306.50588897879
31,13,2011/11/4,43234.46,-1.0,-1.0,-1.0,-1.0,-1.0,0,44022.55,42309.68931935454,47073.24417022879
31,13,2011/11/11,45702.09,25879.08,8716.86,163.33,3983.24,7898.07,0,45452.62,43739.75963185454,48503.31448272879
31,13,2011/11/18,46325.73,6756.03,591.76,71.38,462.18,12533.58,0,45153.01,43440.15025685454,48203.70510772879
31,13,2011/11/25,47252.42,403.7,92.35,40307.29,95.5,492.36,1,46938.387,45225.52525685454,49989.08010772879
31,13,2011/12/2,42838.37,5425.3,96.94,1100.35,2779.95,24475.38,0,42863.1,41150.24010060454,45913.79495147879
31,13,2011/12/9,41530.29,2876.83,11.87,471.16,1915.49,11604.37,0,41389.953,39677.09166310454,44440.64651397879
31,13,2011/12/16,43998.55,1263.97,47.0,477.99,566.44,5199.2,0,43812.625,42099.76353810454,46863.31838897879
31,13,2011/12/23,46385.07,2240.27,18.26,974.28,86.0,6207.39,0,48015.8,46302.93931935454,51066.49417022879
31,13,2011/12/30,39469.65,6123.19,24716.69,114.74,845.42,3413.9,1,39509.437,37796.57603810454,42560.13088897879
31,13,2012/1/6,44118.01,6105.78,25953.41,91.69,1254.6,6256.02,0,43902.05,42189.18931935454,46952.74417022879
31,13,2012/1/13,43539.82,4371.53,14136.14,54.52,719.85,3942.03,0,42460.723,40747.86119435454,45511.41604522879
31,13,2012/1/20,44990.05,3918.1,2626.22,74.41,167.56,3302.94,0,45437.32,43724.45885060454,48488.01370147879
31,13,2012/1/27,40779.44,2391.52,1189.61,50.82,313.76,4791.34,0,40988.78,39275.91978810454,44039.47463897879
31,13,2012/2/3,44700.15,60394.73,2578.65,128.54,33529.14,7737.46,0,45231.195,43518.33385060454,48281.88870147879
31,13,2012/2/10,46266.74,16946.96,3789.56,83.24,11187.79,8316.25,1,46715.99,45003.12681935454,49766.68167022879
31,13,2012/2/17,44539.56,13158.2,6689.78,10.34,6529.43,7435.73,0,45210.254,43497.39244435454,48260.94729522879
31,13,2012/2/24,45384.04,12329.67,4657.57,5.3,1538.63,5781.58,0,46080.2,44367.33775685454,49130.89260772879
31,13,2012/3/2,48558.92,21236.34,1039.56,26.38,11668.85,7948.31,0,48143.973,46431.11119435454,51194.66604522879
31,13,2012/3/9,45338.61,6284.13,768.91,2.69,1051.13,8527.38,0,45346.242,43633.38072560454,48396.93557647879
31,13,2012/3/16,45999.76,6738.65,801.74,8.13,2047.38,7905.67,0,45999.812,44286.95103810454,49050.50588897879
31,13,2012/3/23,44058.26,4783.0,70.51,2.38,837.58,6900.79,0,44437.695,42724.83385060454,47488.38870147879
31,13,2012/3/30,44506.97,9546.49,584.62,-1.0,1334.23,3691.1,0,44107.31,42394.44713185454,47158.00198272879
31,13,2012/4/6,45709.61,12625.17,399.0,21.86,3623.01,16629.1,0,46160.184,44447.32213185454,49210.87698272879
31,13,2012/4/13,43005.37,6352.11,4720.65,13.89,1482.03,3076.8,0,43095.047,41382.18541310454,46145.74026397879
31,13,2012/4/20,47289.81,8373.31,645.86,16.05,311.94,7709.86,0,46274.434,44561.57213185454,49325.12698272879
31,13,2012/4/27,42723.81,2973.44,-0.91,10.16,542.5,9196.82,0,42853.957,41141.09556935454,45904.65042022879
